list,seen,title,alt,year,imdb
1000+ Movies to Watch Before You Die,TRUE,asdfadsfsdf,,1902,
1000+ Movies to Watch Before You Die,TRUE,A Trip to the Moon,,1902,tt0000417
1000+ Movies to Watch Before You Die,TRUE,The Great Train Robbery,,1903,tt0000439
1000+ Movies to Watch Before You Die,FALSE,The Birth of a Nation,,1915,tt0004972
1000+ Movies to Watch Before You Die,FALSE,Les vampires,,1915,tt0006206
1000+ Movies to Watch Before You Die,FALSE,Intolerance,,1916,tt0006864
1000+ Movies to Watch Before You Die,FALSE,Broken Blossoms,,1919,tt0009968
1000+ Movies to Watch Before You Die,FALSE,The Cabinet of Dr. Caligari,,1920,tt0010323
1000+ Movies to Watch Before You Die,FALSE,Within Our Gates,,1920,tt0011870
1000+ Movies to Watch Before You Die,FALSE,Way Down East,,1920,tt0011841
1000+ Movies to Watch Before You Die,FALSE,The Phantom Carriage,,1921,tt0012364
1000+ Movies to Watch Before You Die,FALSE,Orphans of the Storm,,1921,tt0012532
1000+ Movies to Watch Before You Die,FALSE,"Dr. Mabuse, the Gambler",,1922,tt0013086
1000+ Movies to Watch Before You Die,TRUE,Nosferatu,,1922,tt0013442
1000+ Movies to Watch Before You Die,FALSE,Nanook of the North,,1922,tt0013427
1000+ Movies to Watch Before You Die,FALSE,Foolish Wives,,1922,tt0013140
1000+ Movies to Watch Before You Die,FALSE,Häxan,,1922,tt0013257
1000+ Movies to Watch Before You Die,FALSE,The Great White Silence,,1922,tt1764657
1000+ Movies to Watch Before You Die,FALSE,The Smiling Madame Beudet,,1923,tt0013626
1000+ Movies to Watch Before You Die,FALSE,The Wheel,,1923,tt0014417
1000+ Movies to Watch Before You Die,FALSE,Our Hospitality,,1923,tt0014341
1000+ Movies to Watch Before You Die,FALSE,The Last Laugh,,1924,tt0015064
1000+ Movies to Watch Before You Die,FALSE,Sherlock Jr.,,1924,tt0015324
1000+ Movies to Watch Before You Die,FALSE,Greed,,1924,tt0015881
1000+ Movies to Watch Before You Die,FALSE,The Thief of Bagdad,,1924,tt0015400
1000+ Movies to Watch Before You Die,FALSE,Strike,,1925,tt0015361
1000+ Movies to Watch Before You Die,FALSE,Battleship Potemkin,,1925,tt0015648
1000+ Movies to Watch Before You Die,FALSE,The Eagle,,1925,tt0015772
1000+ Movies to Watch Before You Die,FALSE,The Phantom of the Opera,,1925,tt0016220
1000+ Movies to Watch Before You Die,FALSE,The Gold Rush,,1925,tt0015864
1000+ Movies to Watch Before You Die,FALSE,The Big Parade,,1925,tt0015624
1000+ Movies to Watch Before You Die,FALSE,Seven Chances,,1925,tt0016332
1000+ Movies to Watch Before You Die,FALSE,The Adventures of Prince Achmed,,1926,tt0015532
1000+ Movies to Watch Before You Die,FALSE,The General,,1926,tt0017925
1000+ Movies to Watch Before You Die,FALSE,October (Ten Days that Shook the World),,1927,tt0018217
1000+ Movies to Watch Before You Die,FALSE,Metropolis,,1927,tt0017136
1000+ Movies to Watch Before You Die,FALSE,Sunrise,,1927,tt0018455
1000+ Movies to Watch Before You Die,FALSE,The Unknown,,1927,tt0018528
1000+ Movies to Watch Before You Die,FALSE,The Jazz Singer,,1927,tt0018037
1000+ Movies to Watch Before You Die,FALSE,Napoleon,,1927,tt0018192
1000+ Movies to Watch Before You Die,FALSE,The Kid Brother,,1927,tt0018051
1000+ Movies to Watch Before You Die,FALSE,The Passion of Joan of Arc,,1928,tt0019254
1000+ Movies to Watch Before You Die,FALSE,Storm Over Asia,,1928,tt0019286
1000+ Movies to Watch Before You Die,FALSE,The Crowd,,1928,tt0018806
1000+ Movies to Watch Before You Die,FALSE,The Docks of New York,,1928,tt0018839
1000+ Movies to Watch Before You Die,FALSE,"Steamboat Bill, Jr.",,1928,tt0019421
1000+ Movies to Watch Before You Die,FALSE,An Andalusian Dog,,1929,tt0020530
1000+ Movies to Watch Before You Die,FALSE,Pandora's Box,,1929,tt0018737
1000+ Movies to Watch Before You Die,FALSE,A Throw of Dice,,1929,tt0020286
1000+ Movies to Watch Before You Die,FALSE,Blackmail,,1929,tt0019702
1000+ Movies to Watch Before You Die,FALSE,Chelovek S Kinoapparatom,Man with a Movie Camera,1929,tt0019760
1000+ Movies to Watch Before You Die,FALSE,The Blue Angel,,1930,tt0020697
1000+ Movies to Watch Before You Die,FALSE,All Quiet on the Western Front,,1930,tt0020629
1000+ Movies to Watch Before You Die,FALSE,L'Âge d'or,L'Age d'Or,1930,tt0021577
1000+ Movies to Watch Before You Die,FALSE,Zemlya,Earth,1930,tt0021571
1000+ Movies to Watch Before You Die,FALSE,Little Caesar,,1931,tt0021079
1000+ Movies to Watch Before You Die,FALSE,Tabu: A Story of the South Seas,,1931,tt0022458
1000+ Movies to Watch Before You Die,FALSE,City Lights,,1931,tt0021749
1000+ Movies to Watch Before You Die,FALSE,Dracula,,1931,tt0021814
1000+ Movies to Watch Before You Die,FALSE,Frankenstein,,1931,tt0021884
1000+ Movies to Watch Before You Die,FALSE,The Public Enemy,,1931,tt0022286
1000+ Movies to Watch Before You Die,FALSE,Limite,Limit,1931,tt0022080
1000+ Movies to Watch Before You Die,TRUE,M - Eine Stadt sucht einen Mörder,M,1931,tt0022100
1000+ Movies to Watch Before You Die,FALSE,Boudu Saved from Drowning,,1932,tt0022718
1000+ Movies to Watch Before You Die,FALSE,I Am a Fugitive from a Chain Gang,,1932,tt0023042
1000+ Movies to Watch Before You Die,FALSE,Love Me Tonight,,1932,tt0023158
1000+ Movies to Watch Before You Die,FALSE,Shanghai Express,,1932,tt0023458
1000+ Movies to Watch Before You Die,FALSE,Trouble in Paradise,,1932,tt0023622
1000+ Movies to Watch Before You Die,FALSE,Freaks,,1932,tt0022913
1000+ Movies to Watch Before You Die,FALSE,Me and My Gal,,1932,tt0023202
1000+ Movies to Watch Before You Die,FALSE,The Bitter Tea of General Yen,,1932,tt0023814
1000+ Movies to Watch Before You Die,FALSE,Zero for Conduct,,1933,tt0024803
1000+ Movies to Watch Before You Die,FALSE,42nd Street,,1933,tt0024034
1000+ Movies to Watch Before You Die,FALSE,Footlight Parade,,1933,tt0024028
1000+ Movies to Watch Before You Die,FALSE,She Done Him Wrong,,1933,tt0024548
1000+ Movies to Watch Before You Die,FALSE,Duck Soup,,1933,tt0023969
1000+ Movies to Watch Before You Die,FALSE,Gold Diggers of 1933,,1933,tt0024069
1000+ Movies to Watch Before You Die,FALSE,King Kong,,1933,tt0024216
1000+ Movies to Watch Before You Die,FALSE,Sons of the Desert,,1933,tt0024601
1000+ Movies to Watch Before You Die,FALSE,Queen Christina,,1933,tt0024481
1000+ Movies to Watch Before You Die,FALSE,The Goddess of Spring,,1934,tt0025184
1000+ Movies to Watch Before You Die,FALSE,It's a Gift,,1934,tt0025318
1000+ Movies to Watch Before You Die,FALSE,It Happened One Night,,1934,tt0025316
1000+ Movies to Watch Before You Die,FALSE,L'Atalante,,1934,tt0024844
1000+ Movies to Watch Before You Die,FALSE,The Black Cat,,1934,tt0024894
1000+ Movies to Watch Before You Die,FALSE,The Thin Man,,1934,tt0025878
1000+ Movies to Watch Before You Die,FALSE,Judge Priest,,1934,tt0025335
1000+ Movies to Watch Before You Die,FALSE,Triumph of the Will,,1935,tt0025913
1000+ Movies to Watch Before You Die,FALSE,Mutiny on the Bounty,,1935,tt0026752
1000+ Movies to Watch Before You Die,FALSE,The 39 Steps,,1935,tt0026029
1000+ Movies to Watch Before You Die,FALSE,A Night at the Opera,,1935,tt0026778
1000+ Movies to Watch Before You Die,FALSE,Bride of Frankenstein,,1935,tt0026138
1000+ Movies to Watch Before You Die,FALSE,Captain Blood,,1935,tt0026174
1000+ Movies to Watch Before You Die,FALSE,Top Hat,,1935,tt0027125
1000+ Movies to Watch Before You Die,FALSE,Peter Ibbetson,,1935,tt0026866
1000+ Movies to Watch Before You Die,FALSE,Ye Ban Ge Sheng,,1935,tt0206442
1000+ Movies to Watch Before You Die,FALSE,The Story of a Cheat,,1936,tt0028201
1000+ Movies to Watch Before You Die,FALSE,Modern Times,,1936,tt0027977
1000+ Movies to Watch Before You Die,FALSE,Swing Time,,1936,tt0028333
1000+ Movies to Watch Before You Die,FALSE,Mr. Deeds Goes to Town,,1936,tt0027996
1000+ Movies to Watch Before You Die,FALSE,My Man Godfrey,,1936,tt0028010
1000+ Movies to Watch Before You Die,FALSE,Camille,,1936,tt0028683
1000+ Movies to Watch Before You Die,FALSE,Things to Come,,1936,tt0028358
1000+ Movies to Watch Before You Die,FALSE,Dodsworth,,1936,tt0027532
1000+ Movies to Watch Before You Die,FALSE,Sabotage,,1936,tt0028212
1000+ Movies to Watch Before You Die,FALSE,Une Partie de Campagne,A Day in the Country,1936,tt0028445
1000+ Movies to Watch Before You Die,FALSE,The Grand Illusion,,1937,tt0028950
1000+ Movies to Watch Before You Die,FALSE,Pépé le Moko,,1937,tt0029453
1000+ Movies to Watch Before You Die,FALSE,Make Way for Tomorrow,,1937,tt0029192
1000+ Movies to Watch Before You Die,FALSE,Stella Dallas,,1937,tt0029608
1000+ Movies to Watch Before You Die,FALSE,Snow White and the Seven Dwarfs,,1937,tt0029583
1000+ Movies to Watch Before You Die,FALSE,Captains Courageous,,1937,tt0028691
1000+ Movies to Watch Before You Die,FALSE,The Awful Truth,,1937,tt0028597
1000+ Movies to Watch Before You Die,FALSE,The Life of Emile Zola,,1937,tt0029146
1000+ Movies to Watch Before You Die,FALSE,The Baker's Wife,,1938,tt0030127
1000+ Movies to Watch Before You Die,FALSE,Olympia Part One: Festival of the Nations,,1938,tt0030522
1000+ Movies to Watch Before You Die,FALSE,Olympia Part Two: Festival of Beauty,,1938,tt0030523
1000+ Movies to Watch Before You Die,FALSE,Jezebel,,1938,tt0030287
1000+ Movies to Watch Before You Die,FALSE,The Adventures of Robin Hood,,1938,tt0029843
1000+ Movies to Watch Before You Die,FALSE,Angels with Dirty Faces,,1938,tt0029870
1000+ Movies to Watch Before You Die,FALSE,Bringing Up Baby,,1938,tt0029947
1000+ Movies to Watch Before You Die,FALSE,The Lady Vanishes,,1938,tt0030341
1000+ Movies to Watch Before You Die,FALSE,The Rules of the Game,,1939,tt0031885
1000+ Movies to Watch Before You Die,FALSE,Wuthering Heights,,1939,tt0032145
1000+ Movies to Watch Before You Die,FALSE,Mr. Smith Goes to Washington,,1939,tt0031679
1000+ Movies to Watch Before You Die,FALSE,Stagecoach,,1939,tt0031971
1000+ Movies to Watch Before You Die,FALSE,Only Angels Have Wings,,1939,tt0031762
1000+ Movies to Watch Before You Die,FALSE,Destry Rides Again,,1939,tt0031225
1000+ Movies to Watch Before You Die,FALSE,Gone with the Wind,,1939,tt0031381
1000+ Movies to Watch Before You Die,FALSE,Gunga Din,,1939,tt0031398
1000+ Movies to Watch Before You Die,FALSE,Ninotchka,,1939,tt0031725
1000+ Movies to Watch Before You Die,FALSE,The Wizard of Oz,,1939,tt0032138
1000+ Movies to Watch Before You Die,FALSE,Babes in Arms,,1939,tt0031066
1000+ Movies to Watch Before You Die,FALSE,Zangiku Monogatari,The Story of the Last Chrysanthemum,1939,tt0032156
1000+ Movies to Watch Before You Die,FALSE,His Girl Friday,,1940,tt0032599
1000+ Movies to Watch Before You Die,FALSE,Fantasia,,1940,tt0032455
1000+ Movies to Watch Before You Die,FALSE,Rebecca,,1940,tt0032976
1000+ Movies to Watch Before You Die,FALSE,The Philadelphia Story,,1940,tt0032904
1000+ Movies to Watch Before You Die,FALSE,The Grapes of Wrath,,1940,tt0032551
1000+ Movies to Watch Before You Die,FALSE,The Mortal Storm,,1940,tt0032811
1000+ Movies to Watch Before You Die,FALSE,The Bank Dick,,1940,tt0032234
1000+ Movies to Watch Before You Die,FALSE,Pinocchio,,1940,tt0032910
1000+ Movies to Watch Before You Die,FALSE,"Dance, Girl, Dance",,1940,tt0032376
1000+ Movies to Watch Before You Die,FALSE,High Sierra,,1940,tt0033717
1000+ Movies to Watch Before You Die,FALSE,Citizen Kane,,1941,tt0033467
1000+ Movies to Watch Before You Die,FALSE,Sergeant York,,1941,tt0034167
1000+ Movies to Watch Before You Die,FALSE,The Lady Eve,,1941,tt0033804
1000+ Movies to Watch Before You Die,FALSE,The Wolf Man,,1941,tt0034398
1000+ Movies to Watch Before You Die,FALSE,How Green Was My Valley,,1941,tt0033729
1000+ Movies to Watch Before You Die,FALSE,Sullivan's Travels,,1941,tt0034240
1000+ Movies to Watch Before You Die,FALSE,The Maltese Falcon,,1941,tt0033870
1000+ Movies to Watch Before You Die,FALSE,Dumbo,,1941,tt0033563
1000+ Movies to Watch Before You Die,FALSE,Mrs. Miniver,,1942,tt0035093
1000+ Movies to Watch Before You Die,FALSE,The Palm Beach Story,,1942,tt0035169
1000+ Movies to Watch Before You Die,FALSE,"Now, Voyager",,1942,tt0035140
1000+ Movies to Watch Before You Die,FALSE,To Be or Not to Be,,1942,tt0035446
1000+ Movies to Watch Before You Die,FALSE,The Magnificent Ambersons,,1942,tt0035015
1000+ Movies to Watch Before You Die,FALSE,Yankee Doodle Dandy,,1942,tt0035575
1000+ Movies to Watch Before You Die,TRUE,Casablanca,,1942,tt0034583
1000+ Movies to Watch Before You Die,FALSE,Cat People,,1942,tt0034587
1000+ Movies to Watch Before You Die,FALSE,The Ox-Bow Incident,,1942,tt0036244
1000+ Movies to Watch Before You Die,FALSE,Fires Were Started,,1943,tt0035881
1000+ Movies to Watch Before You Die,FALSE,The Life and Death of Colonel Blimp,,1943,tt0036112
1000+ Movies to Watch Before You Die,FALSE,Meshes of the Afternoon,,1943,tt0036154
1000+ Movies to Watch Before You Die,FALSE,The Seventh Victim,,1943,tt0036341
1000+ Movies to Watch Before You Die,FALSE,The Man in Grey,,1943,tt0036135
1000+ Movies to Watch Before You Die,FALSE,Shadow of a Doubt,,1943,tt0036342
1000+ Movies to Watch Before You Die,FALSE,I Walked with a Zombie,,1943,tt0036027
1000+ Movies to Watch Before You Die,FALSE,Ossessione,Obsession,1943,tt0035160
1000+ Movies to Watch Before You Die,FALSE,"Murder, My Sweet",,1944,tt0037101
1000+ Movies to Watch Before You Die,FALSE,"Ivan the Terrible, Part I",,1944,tt0037824
1000+ Movies to Watch Before You Die,FALSE,Laura,,1944,tt0037008
1000+ Movies to Watch Before You Die,FALSE,Meet Me in St. Louis,,1944,tt0037059
1000+ Movies to Watch Before You Die,FALSE,To Have and Have Not,,1944,tt0037382
1000+ Movies to Watch Before You Die,FALSE,Gaslight,,1944,tt0036855
1000+ Movies to Watch Before You Die,FALSE,Henry V,,1944,tt0036910
1000+ Movies to Watch Before You Die,FALSE,Double Indemnity,,1944,tt0036775
1000+ Movies to Watch Before You Die,FALSE,"Rome, Open City",,1945,tt0038890
1000+ Movies to Watch Before You Die,FALSE,Mildred Pierce,,1945,tt0037913
1000+ Movies to Watch Before You Die,FALSE,Detour,,1945,tt0037638
1000+ Movies to Watch Before You Die,FALSE,I Know Where I'm Going!,,1945,tt0037800
1000+ Movies to Watch Before You Die,FALSE,The Lost Weekend,,1945,tt0037884
1000+ Movies to Watch Before You Die,FALSE,Brief Encounter,,1945,tt0037558
1000+ Movies to Watch Before You Die,FALSE,Spellbound,,1945,tt0038109
1000+ Movies to Watch Before You Die,FALSE,Les Enfants du Paradis,Children of Paradise,1945,tt0037674
1000+ Movies to Watch Before You Die,FALSE,The Battle of San Pietro,San Pietro,1945,tt0036630
1000+ Movies to Watch Before You Die,FALSE,Beauty and the Beast,,1946,tt0038348
1000+ Movies to Watch Before You Die,FALSE,The Best Years of Our Lives,,1946,tt0036868
1000+ Movies to Watch Before You Die,FALSE,Paisan,,1946,tt0038823
1000+ Movies to Watch Before You Die,FALSE,The Postman Always Rings Twice,,1946,tt0038854
1000+ Movies to Watch Before You Die,FALSE,The Killers,,1946,tt0038669
1000+ Movies to Watch Before You Die,FALSE,It's a Wonderful Life,,1946,tt0038650
1000+ Movies to Watch Before You Die,FALSE,The Big Sleep,,1946,tt0038355
1000+ Movies to Watch Before You Die,FALSE,Gilda,,1946,tt0038559
1000+ Movies to Watch Before You Die,FALSE,A Matter of Life and Death,,1946,tt0038733
1000+ Movies to Watch Before You Die,FALSE,My Darling Clementine,,1946,tt0038762
1000+ Movies to Watch Before You Die,FALSE,Notorious,,1946,tt0038787
1000+ Movies to Watch Before You Die,FALSE,The Stranger,,1946,tt0038991
1000+ Movies to Watch Before You Die,FALSE,Great Epectations,,1946,tt0038574
1000+ Movies to Watch Before You Die,FALSE,Black Narcissus,,1947,tt0039192
1000+ Movies to Watch Before You Die,FALSE,Out of the Past,,1947,tt0039689
1000+ Movies to Watch Before You Die,FALSE,Monsieur Verdoux,,1947,tt0039631
1000+ Movies to Watch Before You Die,FALSE,Odd Man Out,,1947,tt0039677
1000+ Movies to Watch Before You Die,FALSE,The Ghost and Mrs. Muir,,1947,tt0039420
1000+ Movies to Watch Before You Die,FALSE,Secret Beyond the Door...,,1947,tt0040766
1000+ Movies to Watch Before You Die,FALSE,The Lady from Shanghai,,1947,tt0040525
1000+ Movies to Watch Before You Die,FALSE,The Red Shoes,,1948,tt0040725
1000+ Movies to Watch Before You Die,FALSE,Spring in a Small Town,,1948,tt0189219
1000+ Movies to Watch Before You Die,FALSE,Letter from an Unknown Woman,,1948,tt0040536
1000+ Movies to Watch Before You Die,FALSE,Force of Evil,,1948,tt0040366
1000+ Movies to Watch Before You Die,FALSE,Red River,,1948,tt0040724
1000+ Movies to Watch Before You Die,FALSE,The Paleface,,1948,tt0040679
1000+ Movies to Watch Before You Die,FALSE,The Snake Pit,,1948,tt0040806
1000+ Movies to Watch Before You Die,FALSE,Rope,,1948,tt0040746
1000+ Movies to Watch Before You Die,FALSE,The Treasure of the Sierra Madre,,1948,tt0040897
1000+ Movies to Watch Before You Die,FALSE,Louisiana Story,,1948,tt0040550
1000+ Movies to Watch Before You Die,FALSE,Ladri di Biciclette,Bicycle Thieves,1948,tt0040522
1000+ Movies to Watch Before You Die,FALSE,The Reckless Moment,,1949,tt0041786
1000+ Movies to Watch Before You Die,FALSE,White Heat,,1949,tt0042041
1000+ Movies to Watch Before You Die,FALSE,Adam's Rib,,1949,tt0041090
1000+ Movies to Watch Before You Die,FALSE,The Heiress,,1949,tt0041452
1000+ Movies to Watch Before You Die,FALSE,The Third Man,,1949,tt0041959
1000+ Movies to Watch Before You Die,FALSE,Kind Hearts and Coronets,,1949,tt0041546
1000+ Movies to Watch Before You Die,FALSE,On the Town,,1949,tt0041716
1000+ Movies to Watch Before You Die,FALSE,Whiskey Galore!,Europe '51,1949,tt0042040
1000+ Movies to Watch Before You Die,FALSE,Gun Crazy,,1950,tt0042530
1000+ Movies to Watch Before You Die,FALSE,The Young and the Damned,,1950,tt0042804
1000+ Movies to Watch Before You Die,FALSE,Orpheus,,1950,tt0041719
1000+ Movies to Watch Before You Die,FALSE,The Asphalt Jungle,,1950,tt0042208
1000+ Movies to Watch Before You Die,FALSE,Rashomon,,1950,tt0042876
1000+ Movies to Watch Before You Die,FALSE,All About Eve,,1950,tt0042192
1000+ Movies to Watch Before You Die,FALSE,Winchester '73,,1950,tt0043137
1000+ Movies to Watch Before You Die,FALSE,Rio Grande,,1950,tt0042895
1000+ Movies to Watch Before You Die,FALSE,Sunset Blvd.,,1950,tt0043014
1000+ Movies to Watch Before You Die,FALSE,In a Lonely Place,,1950,tt0042593
1000+ Movies to Watch Before You Die,FALSE,Diary of a Country Priest,,1951,tt0042619
1000+ Movies to Watch Before You Die,FALSE,Strangers on a Train,,1951,tt0044079
1000+ Movies to Watch Before You Die,FALSE,A Streetcar Named Desire,,1951,tt0044081
1000+ Movies to Watch Before You Die,FALSE,An American in Paris,,1951,tt0043278
1000+ Movies to Watch Before You Die,FALSE,Pandora and the Flying Dutchman,,1951,tt0043899
1000+ Movies to Watch Before You Die,FALSE,The African Queen,,1951,tt0043265
1000+ Movies to Watch Before You Die,FALSE,A Place in the Sun,,1951,tt0043924
1000+ Movies to Watch Before You Die,FALSE,The Lavender Hill Mob,,1951,tt0044829
1000+ Movies to Watch Before You Die,FALSE,The Day the Earth Stood Still,,1951,tt0043456
1000+ Movies to Watch Before You Die,FALSE,Forbidden Games,,1952,tt0043686
1000+ Movies to Watch Before You Die,FALSE,The Quiet Man,,1952,tt0045061
1000+ Movies to Watch Before You Die,FALSE,Singin' in the Rain,,1952,tt0045152
1000+ Movies to Watch Before You Die,FALSE,The Bad and the Beautiful,,1952,tt0044391
1000+ Movies to Watch Before You Die,FALSE,Umberto D.,,1952,tt0045274
1000+ Movies to Watch Before You Die,FALSE,High Noon,,1952,tt0044706
1000+ Movies to Watch Before You Die,FALSE,Angel Face,,1952,tt0044357
1000+ Movies to Watch Before You Die,FALSE,The Big Sky,,1952,tt0044419
1000+ Movies to Watch Before You Die,FALSE,The Golden Coach,,1952,tt0044487
1000+ Movies to Watch Before You Die,FALSE,Europa '51,,1952,tt0043511
1000+ Movies to Watch Before You Die,FALSE,The Wages of Fear,,1953,tt0046268
1000+ Movies to Watch Before You Die,FALSE,Summer with Monika,,1953,tt0046345
1000+ Movies to Watch Before You Die,FALSE,Pickup on South Street,,1953,tt0046187
1000+ Movies to Watch Before You Die,FALSE,The Band Wagon,,1953,tt0045537
1000+ Movies to Watch Before You Die,FALSE,The Earrings of Madame De...,,1953,tt0046022
1000+ Movies to Watch Before You Die,FALSE,The Bigamist,,1953,tt0045557
1000+ Movies to Watch Before You Die,FALSE,The Naked Spur,,1953,tt0044953
1000+ Movies to Watch Before You Die,FALSE,Tokyo Story,,1953,tt0046438
1000+ Movies to Watch Before You Die,FALSE,From Here to Eternity,,1953,tt0045793
1000+ Movies to Watch Before You Die,FALSE,Shane,,1953,tt0046303
1000+ Movies to Watch Before You Die,FALSE,Gentlemen Prefer Blondes,,1953,tt0045810
1000+ Movies to Watch Before You Die,FALSE,Roman Holiday,,1953,tt0046250
1000+ Movies to Watch Before You Die,FALSE,The Big Heat,,1953,tt0045555
1000+ Movies to Watch Before You Die,FALSE,Beat the Devil,,1953,tt0046414
1000+ Movies to Watch Before You Die,FALSE,Les Vacances de M. Hulot,Monsieur Hulot's Holiday,1953,tt0046487
1000+ Movies to Watch Before You Die,FALSE,Ugetsu Monogatari,Ugetsu,1953,tt0046478
1000+ Movies to Watch Before You Die,FALSE,Viaggio in Italia,Journey to Italy,1953,tt0046511
1000+ Movies to Watch Before You Die,FALSE,Seven Samurai,,1954,tt0047478
1000+ Movies to Watch Before You Die,FALSE,On the Waterfront,,1954,tt0047296
1000+ Movies to Watch Before You Die,FALSE,Rear Window,,1954,tt0047396
1000+ Movies to Watch Before You Die,FALSE,Silver Lode,,1954,tt0047495
1000+ Movies to Watch Before You Die,FALSE,The Barefoot Contessa,,1954,tt0046754
1000+ Movies to Watch Before You Die,FALSE,Carmen Jones,,1954,tt0046828
1000+ Movies to Watch Before You Die,FALSE,Johnny Guitar,,1954,tt0047136
1000+ Movies to Watch Before You Die,FALSE,Salt of the Earth,,1954,tt0047443
1000+ Movies to Watch Before You Die,FALSE,Seven Brides for Seven Brothers,,1954,tt0047472
1000+ Movies to Watch Before You Die,FALSE,Animal Farm,,1954,tt0047834
1000+ Movies to Watch Before You Die,FALSE,Sansho the Baliff,Sanshô dayû,1954,tt0047445
1000+ Movies to Watch Before You Die,FALSE,Diabolique,Les diaboliques,1955,tt0046911
1000+ Movies to Watch Before You Die,FALSE,The Mad Masters,,1955,tt0048363
1000+ Movies to Watch Before You Die,FALSE,Smiles of a Summer Night,,1955,tt0048641
1000+ Movies to Watch Before You Die,FALSE,Pather Panchali,,1955,tt0048473
1000+ Movies to Watch Before You Die,FALSE,Ordet,,1955,tt0048452
1000+ Movies to Watch Before You Die,FALSE,Marty,,1955,tt0048356
1000+ Movies to Watch Before You Die,FALSE,Artists and Models,,1955,tt0047840
1000+ Movies to Watch Before You Die,FALSE,Rebel Without a Cause,,1955,tt0048545
1000+ Movies to Watch Before You Die,FALSE,Hill 24 Doesn't Answer,,1955,tt0048121
1000+ Movies to Watch Before You Die,FALSE,Bad Day at Black Rock,,1955,tt0047849
1000+ Movies to Watch Before You Die,FALSE,The Phenix City Story,,1955,tt0048488
1000+ Movies to Watch Before You Die,FALSE,The Man with the Golden Arm,,1955,tt0048347
1000+ Movies to Watch Before You Die,FALSE,Kiss Me Deadly,,1955,tt0048261
1000+ Movies to Watch Before You Die,FALSE,Guys and Dolls,,1955,tt0048140
1000+ Movies to Watch Before You Die,FALSE,The Night of the Hunter,,1955,tt0048424
1000+ Movies to Watch Before You Die,FALSE,The Ladykillers,,1955,tt0048281
1000+ Movies to Watch Before You Die,FALSE,Oklahoma!,,1955,tt0048445
1000+ Movies to Watch Before You Die,FALSE,All That Heaven Allows,,1955,tt0047811
1000+ Movies to Watch Before You Die,FALSE,The Man from Laramie,,1955,tt0048342
1000+ Movies to Watch Before You Die,FALSE,Bob the Gambler,,1956,tt0047892
1000+ Movies to Watch Before You Die,FALSE,Night and Fog,,1956,tt0048434
1000+ Movies to Watch Before You Die,FALSE,The Burmese Harp,,1956,tt0049012
1000+ Movies to Watch Before You Die,FALSE,A Man Escaped,,1956,tt0049902
1000+ Movies to Watch Before You Die,FALSE,The Ten Commandments,,1956,tt0049833
1000+ Movies to Watch Before You Die,FALSE,The Searchers,,1956,tt0049730
1000+ Movies to Watch Before You Die,FALSE,Forbidden Planet,,1956,tt0049223
1000+ Movies to Watch Before You Die,FALSE,Written on the Wind,,1956,tt0049966
1000+ Movies to Watch Before You Die,FALSE,Bigger Than Life,,1956,tt0049010
1000+ Movies to Watch Before You Die,FALSE,Invasion of the Body Snatchers,,1956,tt0049366
1000+ Movies to Watch Before You Die,FALSE,Giant,,1956,tt0049261
1000+ Movies to Watch Before You Die,FALSE,The Wrong Man,,1956,tt0051207
1000+ Movies to Watch Before You Die,FALSE,High Society,,1956,tt0049314
1000+ Movies to Watch Before You Die,FALSE,The Man Who Knew Too Much,,1956,tt0049470
1000+ Movies to Watch Before You Die,FALSE,Mother India,,1957,tt0050188
1000+ Movies to Watch Before You Die,FALSE,The Seventh Seal,,1957,tt0050976
1000+ Movies to Watch Before You Die,FALSE,Throne of Blood,,1957,tt0050613
1000+ Movies to Watch Before You Die,FALSE,Nights of Cabiria,,1957,tt0050783
1000+ Movies to Watch Before You Die,FALSE,The Cranes Are Flying,,1957,tt0050634
1000+ Movies to Watch Before You Die,FALSE,Wild Strawberries,,1957,tt0050986
1000+ Movies to Watch Before You Die,FALSE,Paths of Glory,,1957,tt0050825
1000+ Movies to Watch Before You Die,FALSE,An Affair to Remember,,1957,tt0050105
1000+ Movies to Watch Before You Die,FALSE,12 Angry Men,,1957,tt0050083
1000+ Movies to Watch Before You Die,FALSE,The Incredible Shrinking Man,,1957,tt0050539
1000+ Movies to Watch Before You Die,FALSE,Gunfight at the O.K. Corral,,1957,tt0050468
1000+ Movies to Watch Before You Die,FALSE,The Bridge on the River Kwai,,1957,tt0050212
1000+ Movies to Watch Before You Die,FALSE,Sweet Smell of Success,,1957,tt0051036
1000+ Movies to Watch Before You Die,FALSE,Cairo Station,,1958,tt0051390
1000+ Movies to Watch Before You Die,FALSE,"Ivan the Terrible, Part II: The Boyars' Plot",,1958,tt0051790
1000+ Movies to Watch Before You Die,FALSE,The Music Room,,1958,tt0051792
1000+ Movies to Watch Before You Die,FALSE,My Uncle,,1958,tt0050706
1000+ Movies to Watch Before You Die,FALSE,Ashes and Diamonds,,1958,tt0052080
1000+ Movies to Watch Before You Die,FALSE,Touch of Evil,,1958,tt0052311
1000+ Movies to Watch Before You Die,FALSE,Gigi,,1958,tt0051658
1000+ Movies to Watch Before You Die,FALSE,The Defiant Ones,,1958,tt0051525
1000+ Movies to Watch Before You Die,FALSE,Man of the West,,1958,tt0051899
1000+ Movies to Watch Before You Die,FALSE,Vertigo,,1958,tt0052357
1000+ Movies to Watch Before You Die,FALSE,Some Came Running,,1958,tt0052218
1000+ Movies to Watch Before You Die,FALSE,Horror of Dracula,,1958,tt0051554
1000+ Movies to Watch Before You Die,FALSE,Shadows,,1958,tt0053270
1000+ Movies to Watch Before You Die,FALSE,The World of Apu,,1959,tt0052572
1000+ Movies to Watch Before You Die,FALSE,The 400 Blows,,1959,tt0053198
1000+ Movies to Watch Before You Die,FALSE,Black Orpheus,,1959,tt0053146
1000+ Movies to Watch Before You Die,FALSE,Floating Weeds,,1959,tt0053390
1000+ Movies to Watch Before You Die,FALSE,Some Like It Hot,,1959,tt0053291
1000+ Movies to Watch Before You Die,FALSE,North by Northwest,,1959,tt0053125
1000+ Movies to Watch Before You Die,FALSE,Pickpocket,,1959,tt0053168
1000+ Movies to Watch Before You Die,FALSE,Hiroshima Mon Amour,,1959,tt0052893
1000+ Movies to Watch Before You Die,FALSE,Ride Lonesome,,1959,tt0053220
1000+ Movies to Watch Before You Die,FALSE,Ben-Hur,,1959,tt0052618
1000+ Movies to Watch Before You Die,FALSE,Anatomy of a Murder,,1959,tt0052561
1000+ Movies to Watch Before You Die,FALSE,Rio Bravo,,1959,tt0053221
1000+ Movies to Watch Before You Die,FALSE,Breathless,,1960,tt0053472
1000+ Movies to Watch Before You Die,FALSE,The Housemaid,,1960,tt0150980
1000+ Movies to Watch Before You Die,FALSE,The Young One,,1960,tt0053967
1000+ Movies to Watch Before You Die,FALSE,Black Sunday,,1960,tt0054067
1000+ Movies to Watch Before You Die,FALSE,The Hole,,1960,tt0054407
1000+ Movies to Watch Before You Die,FALSE,Eyes Without a Face,,1960,tt0053459
1000+ Movies to Watch Before You Die,FALSE,The Cloud-Capped Star,,1960,tt0054073
1000+ Movies to Watch Before You Die,FALSE,Rocco and His Brothers,,1960,tt0054248
1000+ Movies to Watch Before You Die,FALSE,Shoot the Piano Player,,1960,tt0054389
1000+ Movies to Watch Before You Die,FALSE,Saturday Night and Sunday Morning,,1960,tt0054269
1000+ Movies to Watch Before You Die,FALSE,La Dolce Vita,,1960,tt0053779
1000+ Movies to Watch Before You Die,FALSE,Spartacus,,1960,tt0054331
1000+ Movies to Watch Before You Die,FALSE,The Apartment,,1960,tt0053604
1000+ Movies to Watch Before You Die,FALSE,Psycho,,1960,tt0054215
1000+ Movies to Watch Before You Die,FALSE,Peeping Tom,,1960,tt0054167
1000+ Movies to Watch Before You Die,FALSE,Last Year at Marienbad,,1961,tt0054632
1000+ Movies to Watch Before You Die,FALSE,Through a Glass Darkly,,1961,tt0055499
1000+ Movies to Watch Before You Die,FALSE,Splendor in the Grass,,1961,tt0055471
1000+ Movies to Watch Before You Die,FALSE,Viridiana,,1961,tt0055601
1000+ Movies to Watch Before You Die,FALSE,Breakfast at Tiffany's,,1961,tt0054698
1000+ Movies to Watch Before You Die,FALSE,Lola,,1961,tt0055093
1000+ Movies to Watch Before You Die,FALSE,The Exiles,,1961,tt0054861
1000+ Movies to Watch Before You Die,FALSE,West Side Story,,1961,tt0055614
1000+ Movies to Watch Before You Die,FALSE,The Hustler,,1961,tt0054997
1000+ Movies to Watch Before You Die,FALSE,The Ladies Man,,1961,tt0055069
1000+ Movies to Watch Before You Die,FALSE,Chronicle of a Summer,,1961,tt0054745
1000+ Movies to Watch Before You Die,FALSE,One-Eyed Jacks,,1961,tt0055257
1000+ Movies to Watch Before You Die,FALSE,Cléo from 5 to 7,,1962,tt0055852
1000+ Movies to Watch Before You Die,FALSE,The Exterminating Angel,,1962,tt0056732
1000+ Movies to Watch Before You Die,FALSE,Jules and Jim,,1962,tt0055032
1000+ Movies to Watch Before You Die,FALSE,A Flame at the Pier,,1962,tt0056562
1000+ Movies to Watch Before You Die,FALSE,A Dog's Life,,1962,tt0057318
1000+ Movies to Watch Before You Die,FALSE,The Given Word,,1962,tt0056322
1000+ Movies to Watch Before You Die,FALSE,An Autumn Afternoon,,1962,tt0056444
1000+ Movies to Watch Before You Die,FALSE,Lolita,,1962,tt0056193
1000+ Movies to Watch Before You Die,FALSE,The Man Who Shot Liberty Valance,,1962,tt0056217
1000+ Movies to Watch Before You Die,FALSE,Heaven and Earth Magic,,1962,tt0056060
1000+ Movies to Watch Before You Die,FALSE,Lawrence of Arabia,,1962,tt0056172
1000+ Movies to Watch Before You Die,FALSE,To Kill a Mockingbird,,1962,tt0056592
1000+ Movies to Watch Before You Die,FALSE,The Manchurian Candidate,,1962,tt0056218
1000+ Movies to Watch Before You Die,FALSE,What Ever Happened to Baby Jane?,,1962,tt0056687
1000+ Movies to Watch Before You Die,FALSE,The Leopard,,1963,tt0057091
1000+ Movies to Watch Before You Die,FALSE,The House Is Black,,1963,tt0336693
1000+ Movies to Watch Before You Die,FALSE,Contempt,,1963,tt0057345
1000+ Movies to Watch Before You Die,FALSE,Winter Light,,1963,tt0057358
1000+ Movies to Watch Before You Die,FALSE,Passenger,,1963,tt0054159
1000+ Movies to Watch Before You Die,FALSE,Barren Lives,,1963,tt0057654
1000+ Movies to Watch Before You Die,FALSE,An Actor's Revenge,,1963,tt0057710
1000+ Movies to Watch Before You Die,FALSE,The Birds,,1963,tt0056869
1000+ Movies to Watch Before You Die,FALSE,The Servant,,1963,tt0057490
1000+ Movies to Watch Before You Die,FALSE,Flaming Creatures,,1963,tt0054880
1000+ Movies to Watch Before You Die,FALSE,Hud,,1963,tt0057163
1000+ Movies to Watch Before You Die,FALSE,Shock Corridor,,1963,tt0057495
1000+ Movies to Watch Before You Die,FALSE,Blonde Cobra,,1963,tt0138329
1000+ Movies to Watch Before You Die,FALSE,The Cool World,,1963,tt0056952
1000+ Movies to Watch Before You Die,FALSE,The Nutty Professor,,1963,tt0057372
1000+ Movies to Watch Before You Die,FALSE,The Great Escape,,1963,tt0057115
1000+ Movies to Watch Before You Die,FALSE,The Haunting,,1963,tt0057129
1000+ Movies to Watch Before You Die,TRUE,Dog Star Man,,1963,tt5896468
1000+ Movies to Watch Before You Die,FALSE,Scorpio Rising,,1963,tt0058555
1000+ Movies to Watch Before You Die,FALSE,8 1/2,,1963,tt0056801
1000+ Movies to Watch Before You Die,FALSE,Méditerranée,Mediterranean,1963,tt0197719
1000+ Movies to Watch Before You Die,FALSE,"Black God, White Devil",,1964,tt0058006
1000+ Movies to Watch Before You Die,FALSE,The Gospel According to St. Matthew,,1964,tt0058715
1000+ Movies to Watch Before You Die,FALSE,The Umbrellas of Cherbourg,,1964,tt0058450
1000+ Movies to Watch Before You Die,FALSE,Before the Revolution,,1964,tt0056371
1000+ Movies to Watch Before You Die,FALSE,Woman in the Dunes,,1964,tt0058625
1000+ Movies to Watch Before You Die,FALSE,Goldfinger,,1964,tt0058150
1000+ Movies to Watch Before You Die,FALSE,My Fair Lady,,1964,tt0058385
1000+ Movies to Watch Before You Die,FALSE,Marnie,,1964,tt0058329
1000+ Movies to Watch Before You Die,FALSE,The Masque of the Red Death,,1964,tt0058333
1000+ Movies to Watch Before You Die,FALSE,Dr. Strangelove or: How I Learned to Stop Worrying and Love the Bomb,,1964,tt0057012
1000+ Movies to Watch Before You Die,FALSE,A Hard Day's Night,,1964,tt0058182
1000+ Movies to Watch Before You Die,FALSE,Gertrud,,1964,tt0058138
1000+ Movies to Watch Before You Die,FALSE,Mary Poppins,,1964,tt0058331
1000+ Movies to Watch Before You Die,FALSE,Il Deserto Rosso,Red Deser,1964,tt0058003
1000+ Movies to Watch Before You Die,FALSE,Alphaville,,1965,tt0058898
1000+ Movies to Watch Before You Die,FALSE,Chimes at Midnight,,1965,tt0059012
1000+ Movies to Watch Before You Die,FALSE,Repulsion,,1965,tt0059646
1000+ Movies to Watch Before You Die,FALSE,The Man Who Had His Hair Cut Short,,1965,tt0129222
1000+ Movies to Watch Before You Die,FALSE,Juliet of the Spirits,,1965,tt0059229
1000+ Movies to Watch Before You Die,FALSE,The Shop on Main Street,,1965,tt0059527
1000+ Movies to Watch Before You Die,FALSE,The Saragossa Manuscript,,1965,tt0059643
1000+ Movies to Watch Before You Die,FALSE,Shadows of Forgotten Ancestors,,1965,tt0058642
1000+ Movies to Watch Before You Die,FALSE,Tokyo Olympiad,,1965,tt0059817
1000+ Movies to Watch Before You Die,FALSE,Doctor Zhivago,,1965,tt0059113
1000+ Movies to Watch Before You Die,FALSE,The Sound of Music,,1965,tt0059742
1000+ Movies to Watch Before You Die,FALSE,"Faster, Pussycat! Kill! Kill!",,1965,tt0059170
1000+ Movies to Watch Before You Die,FALSE,The Battle of Algiers,,1966,tt0058946
1000+ Movies to Watch Before You Die,FALSE,The War Game,,1966,tt0059894
1000+ Movies to Watch Before You Die,FALSE,Andrei Rublev,,1966,tt0060107
1000+ Movies to Watch Before You Die,FALSE,Au hasard Balthazar,,1966,tt0060138
1000+ Movies to Watch Before You Die,FALSE,Come Drink with Me,,1966,tt0059079
1000+ Movies to Watch Before You Die,FALSE,"The Good, the Bad and the Ugly",,1966,tt0060196
1000+ Movies to Watch Before You Die,FALSE,Masculine Feminine,,1966,tt0060675
1000+ Movies to Watch Before You Die,FALSE,Daisies,,1966,tt0060959
1000+ Movies to Watch Before You Die,FALSE,Hold Me While I'm Naked,,1966,tt0060511
1000+ Movies to Watch Before You Die,FALSE,Who's Afraid of Virginia Woolf?,,1966,tt0061184
1000+ Movies to Watch Before You Die,FALSE,Seconds,,1966,tt0060955
1000+ Movies to Watch Before You Die,FALSE,Persona,,1966,tt0060827
1000+ Movies to Watch Before You Die,FALSE,Closely Watched Trains,,1966,tt0060802
1000+ Movies to Watch Before You Die,FALSE,A Report on the Party and Guests,,1966,tt0063371
1000+ Movies to Watch Before You Die,FALSE,Blowup,,1966,tt0060176
1000+ Movies to Watch Before You Die,FALSE,The Producers,,1967,tt0063462
1000+ Movies to Watch Before You Die,FALSE,The Red and the White,,1967,tt0061537
1000+ Movies to Watch Before You Die,FALSE,The Young Girls of Rochefort,,1967,tt0062873
1000+ Movies to Watch Before You Die,FALSE,Entranced Earth,,1967,tt0062352
1000+ Movies to Watch Before You Die,FALSE,Belle de Jour,,1967,tt0061395
1000+ Movies to Watch Before You Die,FALSE,Cool Hand Luke,,1967,tt0061512
1000+ Movies to Watch Before You Die,FALSE,Playtime,,1967,tt0062136
1000+ Movies to Watch Before You Die,FALSE,The Graduate,,1967,tt0061722
1000+ Movies to Watch Before You Die,FALSE,Point Blank,,1967,tt0062138
1000+ Movies to Watch Before You Die,FALSE,Wavelength,,1967,tt0127354
1000+ Movies to Watch Before You Die,FALSE,In the Heat of the Night,,1967,tt0061811
1000+ Movies to Watch Before You Die,FALSE,Marketa Lazarová,,1967,tt0063278
1000+ Movies to Watch Before You Die,FALSE,The Jungle Book,,1967,tt0061852
1000+ Movies to Watch Before You Die,FALSE,Bonnie and Clyde,,1967,tt0061418
1000+ Movies to Watch Before You Die,FALSE,Viy,,1967,tt0062453
1000+ Movies to Watch Before You Die,FALSE,Hombre,,1967,tt0061770
1000+ Movies to Watch Before You Die,FALSE,David Holzman's Diary,,1967,tt0062864
1000+ Movies to Watch Before You Die,FALSE,ou 3 Choses Que je Sais D'elle,2 or 3 Things I Know About Her,1967,tt0060304
1000+ Movies to Watch Before You Die,FALSE,"Hori, Ma Panenko",The Firemen's Ball,1967,tt0061781
1000+ Movies to Watch Before You Die,FALSE,Week End,Weekend,1967,tt0062480
1000+ Movies to Watch Before You Die,FALSE,The Godson,Le samouraï,1967,tt0062229
1000+ Movies to Watch Before You Die,FALSE,Once Upon a Time in the West,,1968,tt0064116
1000+ Movies to Watch Before You Die,FALSE,Memories of Underdevelopment,,1968,tt0063291
1000+ Movies to Watch Before You Die,FALSE,Shame,,1968,tt0063611
1000+ Movies to Watch Before You Die,FALSE,Hour of the Wolf,,1968,tt0063759
1000+ Movies to Watch Before You Die,FALSE,Faces,,1968,tt0062952
1000+ Movies to Watch Before You Die,FALSE,Planet of the Apes,,1968,tt0063442
1000+ Movies to Watch Before You Die,FALSE,Rosemary's Baby,,1968,tt0063522
1000+ Movies to Watch Before You Die,FALSE,2001: A Space Odyssey,,1968,tt0062622
1000+ Movies to Watch Before You Die,FALSE,Night of the Living Dead,,1968,tt0063350
1000+ Movies to Watch Before You Die,FALSE,Targets,,1968,tt0063671
1000+ Movies to Watch Before You Die,FALSE,Lucia,,1968,tt0064609
1000+ Movies to Watch Before You Die,FALSE,In the Year of the Pig,,1968,tt0064482
1000+ Movies to Watch Before You Die,FALSE,If....,,1968,tt0063850
1000+ Movies to Watch Before You Die,FALSE,High School,,1968,tt0064429
1000+ Movies to Watch Before You Die,FALSE,The Cow,,1969,tt0064356
1000+ Movies to Watch Before You Die,FALSE,My Night at Maud's,,1969,tt0064612
1000+ Movies to Watch Before You Die,FALSE,Fellini Satyricon,,1969,tt0064940
1000+ Movies to Watch Before You Die,FALSE,Midnight Cowboy,,1969,tt0064665
1000+ Movies to Watch Before You Die,FALSE,Butch Cassidy and the Sundance Kid,,1969,tt0064115
1000+ Movies to Watch Before You Die,FALSE,Easy Rider,,1969,tt0064276
1000+ Movies to Watch Before You Die,FALSE,Kes,,1969,tt0064541
1000+ Movies to Watch Before You Die,FALSE,The Wild Bunch,,1969,tt0065214
1000+ Movies to Watch Before You Die,FALSE,Sayat Nova,The Color of Pomegranates,1969,tt0063555
1000+ Movies to Watch Before You Die,FALSE,Z,,1969,tt0065234
1000+ Movies to Watch Before You Die,FALSE,The Conformist,,1970,tt0065571
1000+ Movies to Watch Before You Die,FALSE,The Garden of the Finzi-Continis,,1970,tt0065777
1000+ Movies to Watch Before You Die,FALSE,The Bird with the Crystal Plumage,,1970,tt0065143
1000+ Movies to Watch Before You Die,FALSE,The Spider's Stratagem,,1970,tt0066413
1000+ Movies to Watch Before You Die,FALSE,The Butcher,,1970,tt0064106
1000+ Movies to Watch Before You Die,FALSE,The Ear,,1970,tt0066498
1000+ Movies to Watch Before You Die,FALSE,Tristana,,1970,tt0066491
1000+ Movies to Watch Before You Die,FALSE,El Topo,,1970,tt0067866
1000+ Movies to Watch Before You Die,FALSE,Five Easy Pieces,,1970,tt0065724
1000+ Movies to Watch Before You Die,FALSE,Deep End,,1970,tt0066122
1000+ Movies to Watch Before You Die,FALSE,Little Big Man,,1970,tt0065988
1000+ Movies to Watch Before You Die,FALSE,Patton,,1970,tt0066206
1000+ Movies to Watch Before You Die,FALSE,M*A*S*H,,1970,tt0066026
1000+ Movies to Watch Before You Die,FALSE,Zabriskie Point,,1970,tt0066601
1000+ Movies to Watch Before You Die,FALSE,Performance,,1970,tt0066214
1000+ Movies to Watch Before You Die,FALSE,Woodstock,,1970,tt0066580
1000+ Movies to Watch Before You Die,FALSE,Gimme Shelter,,1970,tt0065780
1000+ Movies to Watch Before You Die,FALSE,Wanda,,1970,tt0067961
1000+ Movies to Watch Before You Die,FALSE,A Touch of Zen,,1971,tt0064451
1000+ Movies to Watch Before You Die,FALSE,Murmur of the Heart,,1971,tt0067778
1000+ Movies to Watch Before You Die,FALSE,WR: Mysteries of the Organism,,1971,tt0067958
1000+ Movies to Watch Before You Die,FALSE,Dirty Harry,,1971,tt0066999
1000+ Movies to Watch Before You Die,FALSE,A Clockwork Orange,,1971,tt0066921
1000+ Movies to Watch Before You Die,FALSE,The Devils,,1971,tt0066993
1000+ Movies to Watch Before You Die,FALSE,The Hired Hand,,1971,tt0067204
1000+ Movies to Watch Before You Die,FALSE,Walkabout,,1971,tt0067959
1000+ Movies to Watch Before You Die,FALSE,Klute,,1971,tt0067309
1000+ Movies to Watch Before You Die,FALSE,Harold and Maude,,1971,tt0067185
1000+ Movies to Watch Before You Die,FALSE,The French Connection,,1971,tt0067116
1000+ Movies to Watch Before You Die,FALSE,Get Carter,,1971,tt0067128
1000+ Movies to Watch Before You Die,FALSE,Shaft,,1971,tt0067741
1000+ Movies to Watch Before You Die,FALSE,Sweet Sweetback's Baadasssss Song,,1971,tt0067810
1000+ Movies to Watch Before You Die,FALSE,The Last Picture Show,,1971,tt0067328
1000+ Movies to Watch Before You Die,FALSE,Straw Dogs,,1971,tt0067800
1000+ Movies to Watch Before You Die,FALSE,Two-Lane Blacktop,,1971,tt0067893
1000+ Movies to Watch Before You Die,FALSE,Wake in Fright,,1971,tt0067541
1000+ Movies to Watch Before You Die,FALSE,McCabe and Mrs. Miller,McCabe & Mrs. Miller,1971,tt0067411
1000+ Movies to Watch Before You Die,FALSE,The Sorrow and the Pity,The Sorrow and the Pity,1971,tt0066904
1000+ Movies to Watch Before You Die,FALSE,Willy Wonka and the Chocolate Factory,Willy Wonka & the Chocolate Factory,1971,tt0067992
1000+ Movies to Watch Before You Die,FALSE,"Aguirre, the Wrath of God",,1972,tt0068182
1000+ Movies to Watch Before You Die,FALSE,The Bitter Tears of Petra von Kant,,1972,tt0068278
1000+ Movies to Watch Before You Die,FALSE,The Discreet Charm of the Bourgeoisie,,1972,tt0068361
1000+ Movies to Watch Before You Die,FALSE,Red Psalm,,1972,tt0067467
1000+ Movies to Watch Before You Die,FALSE,Solaris,,1972,tt0069293
1000+ Movies to Watch Before You Die,FALSE,Last Tango in Paris,,1972,tt0070849
1000+ Movies to Watch Before You Die,FALSE,Deliverance,,1972,tt0068473
1000+ Movies to Watch Before You Die,TRUE,Cabaret,,1972,tt0068327
1000+ Movies to Watch Before You Die,FALSE,The Godfather,,1972,tt0068646
1000+ Movies to Watch Before You Die,FALSE,Fat City,,1972,tt0068575
1000+ Movies to Watch Before You Die,FALSE,The Heartbreak Kid,,1972,tt0068687
1000+ Movies to Watch Before You Die,FALSE,Frenzy,,1972,tt0068611
1000+ Movies to Watch Before You Die,FALSE,Sleuth,,1972,tt0069281
1000+ Movies to Watch Before You Die,FALSE,The Harder They Come,,1972,tt0070155
1000+ Movies to Watch Before You Die,FALSE,Viskingar och Rop,Cries & Whispers,1972,tt0069467
1000+ Movies to Watch Before You Die,FALSE,Pink Flamingoes,,1972,tt0069089
1000+ Movies to Watch Before You Die,FALSE,Superfly,,1972,tt0069332
1000+ Movies to Watch Before You Die,FALSE,The Sting,,1973,tt0070735
1000+ Movies to Watch Before You Die,FALSE,The Spirit of the Beehive,,1973,tt0070040
1000+ Movies to Watch Before You Die,FALSE,The Mother and the Whore,,1973,tt0070359
1000+ Movies to Watch Before You Die,FALSE,Day for Night,,1973,tt0070460
1000+ Movies to Watch Before You Die,FALSE,Fantastic Planet,,1973,tt0070544
1000+ Movies to Watch Before You Die,FALSE,Turkish Delight,,1973,tt0070842
1000+ Movies to Watch Before You Die,FALSE,F for Fake,,1973,tt0072962
1000+ Movies to Watch Before You Die,FALSE,High Plains Drifter,,1973,tt0068699
1000+ Movies to Watch Before You Die,FALSE,Badlands,,1973,tt0069762
1000+ Movies to Watch Before You Die,FALSE,American Graffiti,,1973,tt0069704
1000+ Movies to Watch Before You Die,FALSE,Papillon,,1973,tt0070511
1000+ Movies to Watch Before You Die,FALSE,The Long Goodbye,,1973,tt0070334
1000+ Movies to Watch Before You Die,FALSE,The Wicker Man,,1973,tt0070917
1000+ Movies to Watch Before You Die,FALSE,Enter the Dragon,,1973,tt0070034
1000+ Movies to Watch Before You Die,FALSE,Serpico,,1973,tt0070666
1000+ Movies to Watch Before You Die,FALSE,Don't Look Now,,1973,tt0069995
1000+ Movies to Watch Before You Die,FALSE,Mean Streets,,1973,tt0070379
1000+ Movies to Watch Before You Die,FALSE,Sleeper,,1973,tt0070707
1000+ Movies to Watch Before You Die,FALSE,The Exorcist,,1973,tt0070047
1000+ Movies to Watch Before You Die,FALSE,Amarcord,,1973,tt0071129
1000+ Movies to Watch Before You Die,FALSE,Pat Garrett & Billy the Kid,Pat Garrett and Billy the Kid,1973,tt0070518
1000+ Movies to Watch Before You Die,FALSE,Ali: Fear Eats the Soul,,1974,tt0071141
1000+ Movies to Watch Before You Die,FALSE,Celine and Julie Go Boating,,1974,tt0071381
1000+ Movies to Watch Before You Die,FALSE,The Towering Inferno,,1974,tt0072308
1000+ Movies to Watch Before You Die,FALSE,Bring Me the Head of Alfredo Garcia,,1974,tt0071249
1000+ Movies to Watch Before You Die,FALSE,The Godfather Part II,,1974,tt0071562
1000+ Movies to Watch Before You Die,FALSE,The Conversation,,1974,tt0071360
1000+ Movies to Watch Before You Die,FALSE,Chinatown,,1974,tt0071315
1000+ Movies to Watch Before You Die,FALSE,A Woman Under the Influence,,1974,tt0072417
1000+ Movies to Watch Before You Die,FALSE,Young Frankenstein,,1974,tt0072431
1000+ Movies to Watch Before You Die,FALSE,The Texas Chain Saw Massacre,,1974,tt0072271
1000+ Movies to Watch Before You Die,FALSE,Blazing Saddles,,1974,tt0071230
1000+ Movies to Watch Before You Die,FALSE,Zerkalo,Mirror,1974,tt0072443
1000+ Movies to Watch Before You Die,FALSE,Fox and His Friends,,1975,tt0072976
1000+ Movies to Watch Before You Die,FALSE,The Travelling Players,,1975,tt0073800
1000+ Movies to Watch Before You Die,FALSE,"Salò, or the 120 Days of Sodom",,1975,tt0073650
1000+ Movies to Watch Before You Die,FALSE,Dersu Uzala,,1975,tt0071411
1000+ Movies to Watch Before You Die,FALSE,Barry Lyndon,,1975,tt0072684
1000+ Movies to Watch Before You Die,FALSE,The Rocky Horror Picture Show,,1975,tt0073629
1000+ Movies to Watch Before You Die,FALSE,"Jeanne Dielman, 23, quai du commerce, 1080 Bruxelles",,1975,tt0073198
1000+ Movies to Watch Before You Die,FALSE,Monty Python and the Holy Grail,,1975,tt0071853
1000+ Movies to Watch Before You Die,FALSE,Dog Day Afternoon,,1975,tt0072890
1000+ Movies to Watch Before You Die,FALSE,One Flew Over the Cuckoo's Nest,,1975,tt0073486
1000+ Movies to Watch Before You Die,FALSE,Nashville,,1975,tt0073440
1000+ Movies to Watch Before You Die,FALSE,Picnic at Hanging Rock,,1975,tt0073540
1000+ Movies to Watch Before You Die,FALSE,India Song,,1975,tt0073166
1000+ Movies to Watch Before You Die,FALSE,Jaws,,1975,tt0073195
1000+ Movies to Watch Before You Die,FALSE,Maynila: sa Mga Kuko Ng Liwanag,Manila in the Claws of Light,1975,tt0073363
1000+ Movies to Watch Before You Die,FALSE,Cría Cuervos,,1976,tt0074360
1000+ Movies to Watch Before You Die,FALSE,In the Realm of the Senses,,1976,tt0074102
1000+ Movies to Watch Before You Die,FALSE,1900,,1976,tt0074084
1000+ Movies to Watch Before You Die,FALSE,The Man Who Fell to Earth,,1976,tt0074851
1000+ Movies to Watch Before You Die,FALSE,All the President's Men,,1976,tt0074119
1000+ Movies to Watch Before You Die,FALSE,The Outlaw Josey Wales,,1976,tt0075029
1000+ Movies to Watch Before You Die,FALSE,The Killing of a Chinese Bookie,,1976,tt0074749
1000+ Movies to Watch Before You Die,FALSE,Network,,1976,tt0074958
1000+ Movies to Watch Before You Die,FALSE,Carrie,,1976,tt0074285
1000+ Movies to Watch Before You Die,FALSE,Taxi Driver,,1976,tt0075314
1000+ Movies to Watch Before You Die,FALSE,Rocky,,1976,tt0075148
1000+ Movies to Watch Before You Die,FALSE,Man of Marble,,1977,tt0075902
1000+ Movies to Watch Before You Die,FALSE,The American Friend,,1977,tt0075675
1000+ Movies to Watch Before You Die,FALSE,Soldier of Orange,,1977,tt0076734
1000+ Movies to Watch Before You Die,FALSE,The Ascent,,1977,tt0075404
1000+ Movies to Watch Before You Die,FALSE,Close Encounters of the Third Kind,,1977,tt0075860
1000+ Movies to Watch Before You Die,FALSE,The Last Wave,,1977,tt0076299
1000+ Movies to Watch Before You Die,TRUE,Star Wars: Episode IV - A New Hope,,1977,tt0076759
1000+ Movies to Watch Before You Die,FALSE,Stroszek,,1977,tt0075276
1000+ Movies to Watch Before You Die,FALSE,Ceddo,,1977,tt0077309
1000+ Movies to Watch Before You Die,FALSE,Annie Hall,,1977,tt0075686
1000+ Movies to Watch Before You Die,FALSE,Suspiria,,1977,tt0076786
1000+ Movies to Watch Before You Die,FALSE,Sleeping Dogs,,1977,tt0076725
1000+ Movies to Watch Before You Die,FALSE,Last Chants for a Slow Dance,,1977,tt0076293
1000+ Movies to Watch Before You Die,FALSE,Saturday Night Fever,,1977,tt0076666
1000+ Movies to Watch Before You Die,FALSE,Eraserhead,,1977,tt0074486
1000+ Movies to Watch Before You Die,FALSE,The Hills Have Eyes,,1977,tt0077681
1000+ Movies to Watch Before You Die,FALSE,Killer of Sheep,,1978,tt0076263
1000+ Movies to Watch Before You Die,FALSE,The Tree of Wooden Clogs,,1978,tt0077138
1000+ Movies to Watch Before You Die,FALSE,Five Deadly Venoms,,1978,tt0077559
1000+ Movies to Watch Before You Die,FALSE,Days of Heaven,,1978,tt0077405
1000+ Movies to Watch Before You Die,FALSE,Halloween,,1978,tt0077651
1000+ Movies to Watch Before You Die,FALSE,The Chant of Jimmie Blacksmith,,1978,tt0077318
1000+ Movies to Watch Before You Die,FALSE,The Deer Hunter,,1978,tt0077416
1000+ Movies to Watch Before You Die,FALSE,Dawn of the Dead,,1978,tt0077402
1000+ Movies to Watch Before You Die,FALSE,Up in Smoke,,1978,tt0078446
1000+ Movies to Watch Before You Die,FALSE,Grease,,1978,tt0077631
1000+ Movies to Watch Before You Die,FALSE,Shao Lin San Shi Liu Fang,The 36th Chamber of Shaolin,1978,tt0078243
1000+ Movies to Watch Before You Die,FALSE,Christ Stopped at Eboli,,1979,tt0079010
1000+ Movies to Watch Before You Die,FALSE,The Tin Drum,,1979,tt0078875
1000+ Movies to Watch Before You Die,FALSE,The Marriage of Maria Braun,,1979,tt0079095
1000+ Movies to Watch Before You Die,FALSE,My Brilliant Career,,1979,tt0079596
1000+ Movies to Watch Before You Die,FALSE,Stalker,,1979,tt0079944
1000+ Movies to Watch Before You Die,FALSE,Life of Brian,,1979,tt0079470
1000+ Movies to Watch Before You Die,FALSE,Real Life,,1979,tt0079781
1000+ Movies to Watch Before You Die,FALSE,Breaking Away,,1979,tt0078902
1000+ Movies to Watch Before You Die,FALSE,Alien,,1979,tt0078748
1000+ Movies to Watch Before You Die,FALSE,Being There,,1979,tt0078841
1000+ Movies to Watch Before You Die,FALSE,Manhattan,,1979,tt0079522
1000+ Movies to Watch Before You Die,FALSE,Apocalypse Now,,1979,tt0078788
1000+ Movies to Watch Before You Die,FALSE,All That Jazz,,1979,tt0078754
1000+ Movies to Watch Before You Die,FALSE,The Muppet Movie,,1979,tt0079588
1000+ Movies to Watch Before You Die,FALSE,Mad Max,,1979,tt0079501
1000+ Movies to Watch Before You Die,FALSE,The Jerk,,1979,tt0079367
1000+ Movies to Watch Before You Die,FALSE,Kramer vs. Kramer,,1979,tt0079417
1000+ Movies to Watch Before You Die,TRUE,Nosferatu: Phantom der Nacht,,1979,tt0079641
1000+ Movies to Watch Before You Die,FALSE,The Last Metro,,1980,tt0080610
1000+ Movies to Watch Before You Die,FALSE,Ordinary People,,1980,tt0081283
1000+ Movies to Watch Before You Die,FALSE,Atlantic City,,1980,tt0080388
1000+ Movies to Watch Before You Die,FALSE,The Shining,,1980,tt0081505
1000+ Movies to Watch Before You Die,FALSE,The Elephant Man,,1980,tt0080678
1000+ Movies to Watch Before You Die,FALSE,The Big Red One,,1980,tt0080437
1000+ Movies to Watch Before You Die,FALSE,Loulou,,1980,tt0081076
1000+ Movies to Watch Before You Die,FALSE,Raging Bull,,1980,tt0081398
1000+ Movies to Watch Before You Die,FALSE,Airplane!,,1980,tt0080339
1000+ Movies to Watch Before You Die,TRUE,Star Wars: Episode V - The Empire Strikes Back,,1980,tt0080684
1000+ Movies to Watch Before You Die,FALSE,Man of Iron,,1981,tt0082222
1000+ Movies to Watch Before You Die,FALSE,The Boat,,1981,tt0082096
1000+ Movies to Watch Before You Die,FALSE,Three Brothers,,1981,tt0083226
1000+ Movies to Watch Before You Die,FALSE,An American Werewolf in London,,1981,tt0082010
1000+ Movies to Watch Before You Die,FALSE,Diva,,1981,tt0082269
1000+ Movies to Watch Before You Die,FALSE,Raiders of the Lost Ark,,1981,tt0082971
1000+ Movies to Watch Before You Die,FALSE,Gallipoli,,1981,tt0082432
1000+ Movies to Watch Before You Die,FALSE,Chariots of Fire,,1981,tt0082158
1000+ Movies to Watch Before You Die,FALSE,Body Heat,,1981,tt0082089
1000+ Movies to Watch Before You Die,FALSE,Reds,,1981,tt0082979
1000+ Movies to Watch Before You Die,FALSE,Too Early/Too Late,,1981,tt0083230
1000+ Movies to Watch Before You Die,FALSE,The Evil Dead,,1981,tt0083907
1000+ Movies to Watch Before You Die,FALSE,Fanny and Alexander,,1982,tt0083922
1000+ Movies to Watch Before You Die,FALSE,The Night of the Shooting Stars,,1982,tt0084422
1000+ Movies to Watch Before You Die,FALSE,E.T. the Extra-Terrestrial,,1982,tt0083866
1000+ Movies to Watch Before You Die,FALSE,Fast Times at Ridgemont High,,1982,tt0083929
1000+ Movies to Watch Before You Die,FALSE,Poltergeist,,1982,tt0084516
1000+ Movies to Watch Before You Die,FALSE,Yol,,1982,tt0084934
1000+ Movies to Watch Before You Die,FALSE,Blade Runner,,1982,tt0083658
1000+ Movies to Watch Before You Die,FALSE,Diner,,1982,tt0083833
1000+ Movies to Watch Before You Die,FALSE,Tootsie,,1982,tt0084805
1000+ Movies to Watch Before You Die,FALSE,Fitzcarraldo,,1982,tt0083946
1000+ Movies to Watch Before You Die,FALSE,Gandhi,,1982,tt0083987
1000+ Movies to Watch Before You Die,FALSE,The Thing,,1982,tt0084787
1000+ Movies to Watch Before You Die,FALSE,A Question of Silence,,1982,tt0086369
1000+ Movies to Watch Before You Die,FALSE,The Draughtsman's Contract,,1982,tt0083851
1000+ Movies to Watch Before You Die,FALSE,Koyaanisqatsi,,1982,tt0085809
1000+ Movies to Watch Before You Die,FALSE,The King of Comedy,,1982,tt0085794
1000+ Movies to Watch Before You Die,FALSE,Utu,,1983,tt0086497
1000+ Movies to Watch Before You Die,FALSE,The Last Battle,,1983,tt0085426
1000+ Movies to Watch Before You Die,FALSE,The Ballad of Narayama,,1983,tt0084390
1000+ Movies to Watch Before You Die,FALSE,A Christmas Story,,1983,tt0085334
1000+ Movies to Watch Before You Die,FALSE,The Right Stuff,,1983,tt0086197
1000+ Movies to Watch Before You Die,FALSE,The Big Chill,,1983,tt0085244
1000+ Movies to Watch Before You Die,FALSE,Terms of Endearment,,1983,tt0086425
1000+ Movies to Watch Before You Die,FALSE,El Norte,,1983,tt0085482
1000+ Movies to Watch Before You Die,FALSE,Videodrome,,1983,tt0086541
1000+ Movies to Watch Before You Die,FALSE,Scarface,,1983,tt0086250
1000+ Movies to Watch Before You Die,FALSE,Local Hero,,1983,tt0085859
1000+ Movies to Watch Before You Die,FALSE,De Vierde Man,The 4th Man,1983,tt0086543
1000+ Movies to Watch Before You Die,TRUE,Star Wars: Episode VI - Return of the Jedi,,1983,tt0086190
1000+ Movies to Watch Before You Die,FALSE,Once Upon a Time in America,,1984,tt0087843
1000+ Movies to Watch Before You Die,FALSE,The Terminator,,1984,tt0088247
1000+ Movies to Watch Before You Die,FALSE,The Natural,,1984,tt0087781
1000+ Movies to Watch Before You Die,FALSE,Ghostbusters,,1984,tt0087332
1000+ Movies to Watch Before You Die,FALSE,"Paris, Texas",,1984,tt0087884
1000+ Movies to Watch Before You Die,FALSE,A Nightmare on Elm Street,,1984,tt0087800
1000+ Movies to Watch Before You Die,FALSE,This Is Spinal Tap,,1984,tt0088258
1000+ Movies to Watch Before You Die,FALSE,A Passage to India,,1984,tt0087892
1000+ Movies to Watch Before You Die,FALSE,Beverly Hills Cop,,1984,tt0086960
1000+ Movies to Watch Before You Die,FALSE,The Killing Fields,,1984,tt0087553
1000+ Movies to Watch Before You Die,FALSE,Stranger Than Paradise,,1984,tt0088184
1000+ Movies to Watch Before You Die,FALSE,Amadeus,,1984,tt0086879
1000+ Movies to Watch Before You Die,FALSE,Shoah,,1985,tt0090015
1000+ Movies to Watch Before You Die,FALSE,Come and See,,1985,tt0091251
1000+ Movies to Watch Before You Die,FALSE,The Official Story,,1985,tt0089276
1000+ Movies to Watch Before You Die,FALSE,Vagabond,,1985,tt0089960
1000+ Movies to Watch Before You Die,FALSE,Prizzi's Honor,,1985,tt0089841
1000+ Movies to Watch Before You Die,FALSE,The Breakfast Club,,1985,tt0088847
1000+ Movies to Watch Before You Die,FALSE,Mishima: A Life in Four Chapters,,1985,tt0089603
1000+ Movies to Watch Before You Die,FALSE,Out of Africa,,1985,tt0089755
1000+ Movies to Watch Before You Die,FALSE,Ran,,1985,tt0089881
1000+ Movies to Watch Before You Die,FALSE,Back to the Future,,1985,tt0088763
1000+ Movies to Watch Before You Die,FALSE,Brazil,,1985,tt0088846
1000+ Movies to Watch Before You Die,FALSE,Kiss of the Spider Woman,,1985,tt0089424
1000+ Movies to Watch Before You Die,FALSE,The Quiet Earth,,1985,tt0089869
1000+ Movies to Watch Before You Die,FALSE,The Purple Rose of Cairo,,1985,tt0089853
1000+ Movies to Watch Before You Die,FALSE,The Color Purple,,1985,tt0088939
1000+ Movies to Watch Before You Die,FALSE,A Room with a View,,1985,tt0091867
1000+ Movies to Watch Before You Die,FALSE,Tampopo,,1985,tt0092048
1000+ Movies to Watch Before You Die,FALSE,Sherman's March,,1985,tt0091943
1000+ Movies to Watch Before You Die,FALSE,Tóngnián wangshì,A Time to Live and a Time to Die,1985,tt0090185
1000+ Movies to Watch Before You Die,FALSE,The Horse Thief,,1986,tt0090907
1000+ Movies to Watch Before You Die,FALSE,Peking Opera Blues,,1986,tt0090952
1000+ Movies to Watch Before You Die,FALSE,The Decline of the American Empire,,1986,tt0090985
1000+ Movies to Watch Before You Die,FALSE,Manhunter,,1986,tt0091474
1000+ Movies to Watch Before You Die,FALSE,Blue Velvet,,1986,tt0090756
1000+ Movies to Watch Before You Die,FALSE,Hannah and Her Sisters,,1986,tt0091167
1000+ Movies to Watch Before You Die,FALSE,She's Gotta Have It,,1986,tt0091939
1000+ Movies to Watch Before You Die,FALSE,Children of a Lesser God,,1986,tt0090830
1000+ Movies to Watch Before You Die,FALSE,Caravaggio,,1986,tt0090798
1000+ Movies to Watch Before You Die,FALSE,Salvador,,1986,tt0091886
1000+ Movies to Watch Before You Die,FALSE,Platoon,,1986,tt0091763
1000+ Movies to Watch Before You Die,FALSE,Down by Law,,1986,tt0090967
1000+ Movies to Watch Before You Die,FALSE,Aliens,,1986,tt0090605
1000+ Movies to Watch Before You Die,FALSE,Ferris Bueller's Day Off,,1986,tt0091042
1000+ Movies to Watch Before You Die,FALSE,The Fly,,1986,tt0091064
1000+ Movies to Watch Before You Die,FALSE,Top Gun,,1986,tt0092099
1000+ Movies to Watch Before You Die,FALSE,Stand by Me,,1986,tt0092005
1000+ Movies to Watch Before You Die,FALSE,"Goodbye, Children",,1987,tt0092593
1000+ Movies to Watch Before You Die,FALSE,Babette's Feast,,1987,tt0092603
1000+ Movies to Watch Before You Die,FALSE,Wings of Desire,,1987,tt0093191
1000+ Movies to Watch Before You Die,FALSE,A Chinese Ghost Story,,1987,tt0093978
1000+ Movies to Watch Before You Die,FALSE,Raising Arizona,,1987,tt0093822
1000+ Movies to Watch Before You Die,FALSE,The Princess Bride,,1987,tt0093779
1000+ Movies to Watch Before You Die,FALSE,Full Metal Jacket,,1987,tt0093058
1000+ Movies to Watch Before You Die,FALSE,Broadcast News,,1987,tt0092699
1000+ Movies to Watch Before You Die,FALSE,"Good Morning, Vietnam",,1987,tt0093105
1000+ Movies to Watch Before You Die,FALSE,Moonstruck,,1987,tt0093565
1000+ Movies to Watch Before You Die,FALSE,Wall Street,,1987,tt0094291
1000+ Movies to Watch Before You Die,FALSE,The Untouchables,,1987,tt0094226
1000+ Movies to Watch Before You Die,FALSE,Fatal Attraction,,1987,tt0093010
1000+ Movies to Watch Before You Die,FALSE,Housekeeping,,1987,tt0093225
1000+ Movies to Watch Before You Die,FALSE,RoboCop,,1987,tt0093870
1000+ Movies to Watch Before You Die,FALSE,A' gai wak 2,Project A 2,1987,tt0092501
1000+ Movies to Watch Before You Die,FALSE,Withnail and I,Withnail and I,1987,tt0094336
1000+ Movies to Watch Before You Die,FALSE,The Dead,,1987,tt0092843
1000+ Movies to Watch Before You Die,FALSE,Red Sorghum,,1988,tt0093206
1000+ Movies to Watch Before You Die,FALSE,Grave of the Fireflies,,1988,tt0095327
1000+ Movies to Watch Before You Die,FALSE,Women on the Verge of a Nervous Breakdown,,1988,tt0095675
1000+ Movies to Watch Before You Die,FALSE,Alice,,1988,tt0095715
1000+ Movies to Watch Before You Die,FALSE,Cinema Paradiso,,1988,tt0095765
1000+ Movies to Watch Before You Die,FALSE,The Vanishing,,1988,tt0096163
1000+ Movies to Watch Before You Die,FALSE,Landscape in the Mist,,1988,tt0096288
1000+ Movies to Watch Before You Die,FALSE,A Tale of the Wind,,1988,tt0096337
1000+ Movies to Watch Before You Die,FALSE,Bull Durham,,1988,tt0094812
1000+ Movies to Watch Before You Die,FALSE,Ariel,,1988,tt0094675
1000+ Movies to Watch Before You Die,FALSE,The Thin Blue Line,,1988,tt0096257
1000+ Movies to Watch Before You Die,FALSE,Akira,,1988,tt0094625
1000+ Movies to Watch Before You Die,FALSE,A Fish Called Wanda,,1988,tt0095159
1000+ Movies to Watch Before You Die,FALSE,The Naked Gun: From the Files of Police Squad!,,1988,tt0095705
1000+ Movies to Watch Before You Die,FALSE,Big,,1988,tt0094737
1000+ Movies to Watch Before You Die,TRUE,Who Framed Roger Rabbit,,1988,tt0096438
1000+ Movies to Watch Before You Die,FALSE,Rain Man,,1988,tt0095953
1000+ Movies to Watch Before You Die,FALSE,Die Hard,,1988,tt0095016
1000+ Movies to Watch Before You Die,FALSE,Dangerous Liaisons,,1988,tt0094947
1000+ Movies to Watch Before You Die,FALSE,Dead Ringers,,1988,tt0094964
1000+ Movies to Watch Before You Die,FALSE,"Distant Voices, Still Lives",,1988,tt0095037
1000+ Movies to Watch Before You Die,FALSE,The Accidental Tourist,,1988,tt0094606
1000+ Movies to Watch Before You Die,FALSE,Drowning by Numbers,,1988,tt0092929
1000+ Movies to Watch Before You Die,FALSE,Hôtel Terminus: Klaus Barbie et Son Temps,,1988,tt0095341
1000+ Movies to Watch Before You Die,FALSE,Une Affaire de Femmes,Story of Women,1988,tt0096336
1000+ Movies to Watch Before You Die,FALSE,The Decalogue,,1989,tt0092337
1000+ Movies to Watch Before You Die,FALSE,The Asthenic Syndrome,,1989,tt0096841
1000+ Movies to Watch Before You Die,FALSE,A City of Sadness,,1989,tt0096908
1000+ Movies to Watch Before You Die,FALSE,The Killer,,1989,tt0097202
1000+ Movies to Watch Before You Die,TRUE,When Harry Met Sally...,,1989,tt0098635
1000+ Movies to Watch Before You Die,FALSE,Crimes and Misdemeanors,,1989,tt0097123
1000+ Movies to Watch Before You Die,FALSE,Batman,,1989,tt0096895
1000+ Movies to Watch Before You Die,FALSE,Field of Dreams,,1989,tt0097351
1000+ Movies to Watch Before You Die,FALSE,Glory,,1989,tt0097441
1000+ Movies to Watch Before You Die,FALSE,My Left Foot,,1989,tt0097937
1000+ Movies to Watch Before You Die,FALSE,Drugstore Cowboy,,1989,tt0097240
1000+ Movies to Watch Before You Die,FALSE,Do the Right Thing,,1989,tt0097216
1000+ Movies to Watch Before You Die,FALSE,The Unbelievable Truth,,1989,tt0100842
1000+ Movies to Watch Before You Die,FALSE,"Sex, Lies, and Videotape",,1989,tt0098724
1000+ Movies to Watch Before You Die,FALSE,Say Anything,,1989,tt0098258
1000+ Movies to Watch Before You Die,FALSE,Tongues Untied,,1989,tt0103099
1000+ Movies to Watch Before You Die,FALSE,Tetsuo: The Iron Man,,1989,tt0096251
1000+ Movies to Watch Before You Die,FALSE,"The Cook, the Thief, His Wife, & Her Lover",,1989,tt0097108
1000+ Movies to Watch Before You Die,FALSE,Roger & Me,,1989,tt0098213
1000+ Movies to Watch Before You Die,FALSE,Close-Up,,1990,tt0100234
1000+ Movies to Watch Before You Die,FALSE,"No Fear, No Die",,1990,tt0100536
1000+ Movies to Watch Before You Die,FALSE,Trust,,1990,tt0103130
1000+ Movies to Watch Before You Die,TRUE,Goodfellas,,1990,tt0099685
1000+ Movies to Watch Before You Die,FALSE,King of New York,,1990,tt0099939
1000+ Movies to Watch Before You Die,FALSE,Pretty Woman,,1990,tt0100405
1000+ Movies to Watch Before You Die,FALSE,Dances with Wolves,,1990,tt0099348
1000+ Movies to Watch Before You Die,FALSE,Archangel,,1990,tt0099053
1000+ Movies to Watch Before You Die,TRUE,Total Recall,,1990,tt0100802
1000+ Movies to Watch Before You Die,TRUE,Edward Scissorhands,,1990,tt0099487
1000+ Movies to Watch Before You Die,FALSE,Reversal of Fortune,,1990,tt0100486
1000+ Movies to Watch Before You Die,FALSE,Jacob's Ladder,,1990,tt0099871
1000+ Movies to Watch Before You Die,FALSE,Slacker,,1990,tt0102943
1000+ Movies to Watch Before You Die,FALSE,Henry: Portrait of a Serial Killer,,1990,tt0099763
1000+ Movies to Watch Before You Die,FALSE,Europa,,1991,tt0101829
1000+ Movies to Watch Before You Die,FALSE,Raise the Red Lantern,,1991,tt0101640
1000+ Movies to Watch Before You Die,FALSE,A Brighter Summer Day,,1991,tt0101985
1000+ Movies to Watch Before You Die,FALSE,The Double Life of Véronique,,1991,tt0101765
1000+ Movies to Watch Before You Die,FALSE,Once Upon a Time in China,,1991,tt0103285
1000+ Movies to Watch Before You Die,FALSE,Boyz n the Hood,,1991,tt0101507
1000+ Movies to Watch Before You Die,FALSE,The Rapture,,1991,tt0102757
1000+ Movies to Watch Before You Die,FALSE,JFK,,1991,tt0102138
1000+ Movies to Watch Before You Die,FALSE,My Own Private Idaho,,1991,tt0102494
1000+ Movies to Watch Before You Die,FALSE,The Silence of the Lambs,,1991,tt0102926
1000+ Movies to Watch Before You Die,TRUE,Terminator 2: Judgment Day,,1991,tt0103064
1000+ Movies to Watch Before You Die,FALSE,Delicatessen,,1991,tt0101700
1000+ Movies to Watch Before You Die,FALSE,Hearts of Darkness: A Filmmaker's Apocalypse,,1991,tt0102015
1000+ Movies to Watch Before You Die,FALSE,Naked Lunch,,1991,tt0102511
1000+ Movies to Watch Before You Die,FALSE,Thelma & Louise,,1991,tt0103074
1000+ Movies to Watch Before You Die,FALSE,Man Bites Dog,,1992,tt0103905
1000+ Movies to Watch Before You Die,FALSE,A Tale of Winter,,1992,tt0104008
1000+ Movies to Watch Before You Die,FALSE,Romper Stomper,,1992,tt0105275
1000+ Movies to Watch Before You Die,FALSE,Strictly Ballroom,,1992,tt0105488
1000+ Movies to Watch Before You Die,FALSE,The Player,,1992,tt0105151
1000+ Movies to Watch Before You Die,FALSE,Reservoir Dogs,,1992,tt0105236
1000+ Movies to Watch Before You Die,FALSE,Glengarry Glen Ross,,1992,tt0104348
1000+ Movies to Watch Before You Die,FALSE,Unforgiven,,1992,tt0105695
1000+ Movies to Watch Before You Die,FALSE,The Crying Game,,1992,tt0104036
1000+ Movies to Watch Before You Die,FALSE,Bram Stoker's Dracula,,1992,tt0103874
1000+ Movies to Watch Before You Die,FALSE,Candyman,,1992,tt0103919
1000+ Movies to Watch Before You Die,FALSE,Yuen Ling-Yuk,Center Stage,1992,tt0102816
1000+ Movies to Watch Before You Die,FALSE,Aileen Wuornos: The Selling of a Serial Killer,,1992,tt0103634
1000+ Movies to Watch Before You Die,FALSE,Farewell My Concubine,,1993,tt0106332
1000+ Movies to Watch Before You Die,FALSE,The Wedding Banquet,,1993,tt0107156
1000+ Movies to Watch Before You Die,FALSE,The Puppetmaster,,1993,tt0107157
1000+ Movies to Watch Before You Die,FALSE,The Blue Kite,,1993,tt0107358
1000+ Movies to Watch Before You Die,FALSE,Three Colors: Blue,,1993,tt0108394
1000+ Movies to Watch Before You Die,FALSE,Philadelphia,,1993,tt0107818
1000+ Movies to Watch Before You Die,FALSE,Short Cuts,,1993,tt0108122
1000+ Movies to Watch Before You Die,TRUE,Schindler's List,,1993,tt0108052
1000+ Movies to Watch Before You Die,FALSE,Groundhog Day,,1993,tt0107048
1000+ Movies to Watch Before You Die,FALSE,The Piano,,1993,tt0107822
1000+ Movies to Watch Before You Die,FALSE,Thirty Two Short Films About Glenn Gould,,1993,tt0108328
1000+ Movies to Watch Before You Die,FALSE,Jurassic Park,,1993,tt0107290
1000+ Movies to Watch Before You Die,FALSE,The Age of Innocence,,1993,tt0106226
1000+ Movies to Watch Before You Die,FALSE,Dear Diary,,1993,tt0109382
1000+ Movies to Watch Before You Die,FALSE,Chungking Express,,1994,tt0109424
1000+ Movies to Watch Before You Die,FALSE,The Kingdom,,1994,tt0108906
1000+ Movies to Watch Before You Die,FALSE,Three Colors: Red,,1994,tt0111495
1000+ Movies to Watch Before You Die,FALSE,Through the Olive Trees,,1994,tt0111845
1000+ Movies to Watch Before You Die,FALSE,The Lion King,,1994,tt0110357
1000+ Movies to Watch Before You Die,FALSE,The Last Seduction,,1994,tt0110308
1000+ Movies to Watch Before You Die,FALSE,Crumb,,1994,tt0109508
1000+ Movies to Watch Before You Die,FALSE,Heavenly Creatures,,1994,tt0110005
1000+ Movies to Watch Before You Die,FALSE,Pulp Fiction,,1994,tt0110912
1000+ Movies to Watch Before You Die,FALSE,Natural Born Killers,,1994,tt0110632
1000+ Movies to Watch Before You Die,FALSE,Muriel's Wedding,,1994,tt0110598
1000+ Movies to Watch Before You Die,FALSE,"The Adventures of Priscilla, Queen of the Desert",,1994,tt0109045
1000+ Movies to Watch Before You Die,FALSE,Hoop Dreams,,1994,tt0110057
1000+ Movies to Watch Before You Die,FALSE,Satantango,,1994,tt0111341
1000+ Movies to Watch Before You Die,FALSE,Clerks,,1994,tt0109445
1000+ Movies to Watch Before You Die,FALSE,Four Weddings and a Funeral,,1994,tt0109831
1000+ Movies to Watch Before You Die,FALSE,Forrest Gump,,1994,tt0109830
1000+ Movies to Watch Before You Die,FALSE,The Shawshank Redemption,,1994,tt0111161
1000+ Movies to Watch Before You Die,FALSE,Lamerica,,1994,tt0110299
1000+ Movies to Watch Before You Die,FALSE,Les Roseaux Sauvages,,1994,tt0111019
1000+ Movies to Watch Before You Die,FALSE,Smoke,,1995,tt0114478
1000+ Movies to Watch Before You Die,FALSE,The White Balloon,,1995,tt0112445
1000+ Movies to Watch Before You Die,FALSE,Zero Kelvin,,1995,tt0113557
1000+ Movies to Watch Before You Die,FALSE,Cyclo,,1995,tt0112767
1000+ Movies to Watch Before You Die,FALSE,Braveheart,,1995,tt0112573
1000+ Movies to Watch Before You Die,FALSE,Deseret,,1995,tt0131356
1000+ Movies to Watch Before You Die,FALSE,Babe,,1995,tt0112431
1000+ Movies to Watch Before You Die,FALSE,Se7en,,1995,tt0114369
1000+ Movies to Watch Before You Die,FALSE,Underground,,1995,tt0114787
1000+ Movies to Watch Before You Die,TRUE,Clueless,,1995,tt0112697
1000+ Movies to Watch Before You Die,FALSE,Safe,,1995,tt0114323
1000+ Movies to Watch Before You Die,FALSE,Heat,,1995,tt0113277
1000+ Movies to Watch Before You Die,FALSE,Toy Story,,1995,tt0114709
1000+ Movies to Watch Before You Die,FALSE,Dead Man,,1995,tt0112817
1000+ Movies to Watch Before You Die,FALSE,The Usual Suspects,,1995,tt0114814
1000+ Movies to Watch Before You Die,FALSE,Casino,,1995,tt0112641
1000+ Movies to Watch Before You Die,FALSE,Strange Days,,1995,tt0114558
1000+ Movies to Watch Before You Die,FALSE,The Pillow Book,,1995,tt0114134
1000+ Movies to Watch Before You Die,FALSE,Dilwale Dulhaniya le Jayenge,,1995,tt0112870
1000+ Movies to Watch Before You Die,FALSE,Three Lives and Only One Death,,1996,tt0117968
1000+ Movies to Watch Before You Die,FALSE,Trainspotting,,1996,tt0117951
1000+ Movies to Watch Before You Die,FALSE,Fargo,,1996,tt0116282
1000+ Movies to Watch Before You Die,FALSE,Gabbeh,,1996,tt0116384
1000+ Movies to Watch Before You Die,FALSE,Shine,,1996,tt0117631
1000+ Movies to Watch Before You Die,FALSE,Scream,,1996,tt0117571
1000+ Movies to Watch Before You Die,FALSE,The English Patient,,1996,tt0116209
1000+ Movies to Watch Before You Die,FALSE,Lone Star,,1996,tt0116905
1000+ Movies to Watch Before You Die,FALSE,Breaking the Waves,,1996,tt0115751
1000+ Movies to Watch Before You Die,TRUE,Independence Day,,1996,tt0116629
1000+ Movies to Watch Before You Die,FALSE,Secrets & Lies,,1996,tt0117589
1000+ Movies to Watch Before You Die,FALSE,Open Your Eyes,,1997,tt0125659
1000+ Movies to Watch Before You Die,FALSE,Happy Together,,1997,tt0118845
1000+ Movies to Watch Before You Die,FALSE,Mother and Son,,1997,tt0119711
1000+ Movies to Watch Before You Die,FALSE,Princess Mononoke,,1997,tt0119698
1000+ Movies to Watch Before You Die,FALSE,Taste of Cherry,,1997,tt0120265
1000+ Movies to Watch Before You Die,FALSE,The Ice Storm,,1997,tt0119349
1000+ Movies to Watch Before You Die,FALSE,Boogie Nights,,1997,tt0118749
1000+ Movies to Watch Before You Die,FALSE,L.A. Confidential,,1997,tt0119488
1000+ Movies to Watch Before You Die,FALSE,Funny Games,,1997,tt0119167
1000+ Movies to Watch Before You Die,FALSE,The Sweet Hereafter,,1997,tt0120255
1000+ Movies to Watch Before You Die,FALSE,Titanic,,1997,tt0120338
1000+ Movies to Watch Before You Die,FALSE,Deconstructing Harry,,1997,tt0118954
1000+ Movies to Watch Before You Die,FALSE,The Butcher Boy,,1997,tt0118804
1000+ Movies to Watch Before You Die,FALSE,Kundun,,1997,tt0119485
1000+ Movies to Watch Before You Die,FALSE,Hana-Bi,,1997,tt0119250
1000+ Movies to Watch Before You Die,FALSE,"Fast, Cheap, and Out of Control",,1997,tt0119107
1000+ Movies to Watch Before You Die,FALSE,The Celebration,,1998,tt0154420
1000+ Movies to Watch Before You Die,FALSE,The Idiots,,1998,tt0154421
1000+ Movies to Watch Before You Die,FALSE,Run Lola Run,,1998,tt0130827
1000+ Movies to Watch Before You Die,FALSE,The Ring,,1998,tt0178868
1000+ Movies to Watch Before You Die,FALSE,Saving Private Ryan,,1998,tt0120815
1000+ Movies to Watch Before You Die,FALSE,Rushmore,,1998,tt0128445
1000+ Movies to Watch Before You Die,FALSE,Buffalo '66,,1998,tt0118789
1000+ Movies to Watch Before You Die,FALSE,Happiness,,1998,tt0147612
1000+ Movies to Watch Before You Die,FALSE,The Thin Red Line,,1998,tt0120863
1000+ Movies to Watch Before You Die,FALSE,"Lock, Stock and Two Smoking Barrels",,1998,tt0120735
1000+ Movies to Watch Before You Die,FALSE,Sombre,,1998,tt0166808
1000+ Movies to Watch Before You Die,FALSE,There's Something About Mary,,1998,tt0129387
1000+ Movies to Watch Before You Die,FALSE,The Big Lebowski,,1998,tt0118715
1000+ Movies to Watch Before You Die,FALSE,Pi,,1998,tt0138704
1000+ Movies to Watch Before You Die,FALSE,The Wind Will Carry Us,,1999,tt0209463
1000+ Movies to Watch Before You Die,FALSE,Taboo,,1999,tt0213682
1000+ Movies to Watch Before You Die,FALSE,Attack the Gas Station,,1999,tt0262246
1000+ Movies to Watch Before You Die,FALSE,Audition,,1999,tt0235198
1000+ Movies to Watch Before You Die,FALSE,All About My Mother,,1999,tt0185125
1000+ Movies to Watch Before You Die,FALSE,Toy Story 2,,1999,tt0120363
1000+ Movies to Watch Before You Die,TRUE,The Blair Witch Project,,1999,tt0185937
1000+ Movies to Watch Before You Die,FALSE,Being John Malkovich,,1999,tt0120601
1000+ Movies to Watch Before You Die,FALSE,The Sixth Sense,,1999,tt0167404
1000+ Movies to Watch Before You Die,FALSE,Three Kings,,1999,tt0120188
1000+ Movies to Watch Before You Die,FALSE,Magnolia,,1999,tt0175880
1000+ Movies to Watch Before You Die,TRUE,Fight Club,,1999,tt0137523
1000+ Movies to Watch Before You Die,FALSE,American Beauty,,1999,tt0169547
1000+ Movies to Watch Before You Die,FALSE,Beau Travail,,1999,tt0209933
1000+ Movies to Watch Before You Die,FALSE,The Matrix,,1999,tt0133093
1000+ Movies to Watch Before You Die,FALSE,Rosetta,,1999,tt0200071
1000+ Movies to Watch Before You Die,FALSE,Marcel Proust's Time Regained,,1999,tt0189142
1000+ Movies to Watch Before You Die,FALSE,Eyes Wide Shut,,1999,tt0120663
1000+ Movies to Watch Before You Die,FALSE,Ali Zaoua: Prince of the Streets,,2000,tt0260688
1000+ Movies to Watch Before You Die,FALSE,In the Mood for Love,,2000,tt0118694
1000+ Movies to Watch Before You Die,FALSE,The Captive,,2000,tt0216605
1000+ Movies to Watch Before You Die,FALSE,Nine Queens,,2000,tt0247586
1000+ Movies to Watch Before You Die,FALSE,"Crouching Tiger, Hidden Dragon",,2000,tt0190332
1000+ Movies to Watch Before You Die,TRUE,Gladiator,,2000,tt0172495
1000+ Movies to Watch Before You Die,FALSE,Kippur,,2000,tt0218379
1000+ Movies to Watch Before You Die,TRUE,Requiem for a Dream,,2000,tt0180093
1000+ Movies to Watch Before You Die,FALSE,Amores Perros,,2000,tt0245712
1000+ Movies to Watch Before You Die,FALSE,Memento,,2000,tt0209144
1000+ Movies to Watch Before You Die,TRUE,Meet the Parents,,2000,tt0212338
1000+ Movies to Watch Before You Die,FALSE,Traffic,,2000,tt0181865
1000+ Movies to Watch Before You Die,FALSE,Dancer in the Dark,,2000,tt0168629
1000+ Movies to Watch Before You Die,FALSE,"O Brother, Where Art Thou?",,2000,tt0190590
1000+ Movies to Watch Before You Die,FALSE,The Gleaners & I,,2000,tt0247380
1000+ Movies to Watch Before You Die,FALSE,Signs & Wonders,,2000,tt0230783
1000+ Movies to Watch Before You Die,FALSE,The Royal Tenenbaums,,2001,tt0265666
1000+ Movies to Watch Before You Die,FALSE,The Piano Teacher,,2001,tt0254686
1000+ Movies to Watch Before You Die,FALSE,The Son's Room,,2001,tt0208990
1000+ Movies to Watch Before You Die,FALSE,Amélie,,2001,tt0211915
1000+ Movies to Watch Before You Die,FALSE,What Time Is It There?,,2001,tt0269746
1000+ Movies to Watch Before You Die,FALSE,Kandahar,,2001,tt0283431
1000+ Movies to Watch Before You Die,TRUE,Spirited Away,,2001,tt0245429
1000+ Movies to Watch Before You Die,TRUE,The Lord of the Rings: The Fellowship of the Ring,,2001,tt0120737
1000+ Movies to Watch Before You Die,FALSE,No Man's Land,,2001,tt0283509
1000+ Movies to Watch Before You Die,FALSE,Moulin Rouge!,,2001,tt0203009
1000+ Movies to Watch Before You Die,FALSE,Monsoon Wedding,,2001,tt0265343
1000+ Movies to Watch Before You Die,FALSE,Fat Girl,,2001,tt0243255
1000+ Movies to Watch Before You Die,FALSE,Mulholland Drive,,2001,tt0166924
1000+ Movies to Watch Before You Die,FALSE,Lantana,,2001,tt0259393
1000+ Movies to Watch Before You Die,FALSE,A.I. Artificial Intelligence,,2001,tt0212720
1000+ Movies to Watch Before You Die,FALSE,Y Tu Mama Tambien,,2001,tt0245574
1000+ Movies to Watch Before You Die,FALSE,City of God,,2002,tt0317248
1000+ Movies to Watch Before You Die,FALSE,Talk to Her,,2002,tt0287467
1000+ Movies to Watch Before You Die,FALSE,Russian Ark,,2002,tt0318034
1000+ Movies to Watch Before You Die,FALSE,Distant,,2002,tt0346094
1000+ Movies to Watch Before You Die,FALSE,Hero,,2002,tt0299977
1000+ Movies to Watch Before You Die,TRUE,The Lord of the Rings: The Two Towers,,2002,tt0167261
1000+ Movies to Watch Before You Die,FALSE,Gangs of New York,,2002,tt0217505
1000+ Movies to Watch Before You Die,FALSE,Bowling for Columbine,,2002,tt0310793
1000+ Movies to Watch Before You Die,FALSE,The Pianist,,2002,tt0253474
1000+ Movies to Watch Before You Die,FALSE,Adaptation.,,2002,tt0268126
1000+ Movies to Watch Before You Die,FALSE,Far from Heaven,,2002,tt0297884
1000+ Movies to Watch Before You Die,FALSE,Chicago,,2002,tt0299658
1000+ Movies to Watch Before You Die,FALSE,Rabbit-Proof Fence,,2002,tt0252444
1000+ Movies to Watch Before You Die,FALSE,Irreversible,,2002,tt0290673
1000+ Movies to Watch Before You Die,FALSE,Bus 174,,2002,tt0340468
1000+ Movies to Watch Before You Die,FALSE,The Barbarian Invasions,,2003,tt0338135
1000+ Movies to Watch Before You Die,TRUE,The Lord of the Rings: The Return of the King,,2003,tt0167260
1000+ Movies to Watch Before You Die,FALSE,Elephant,,2003,tt0363589
1000+ Movies to Watch Before You Die,FALSE,Aileen: Life and Death of a Serial Killer,,2003,tt0364930
1000+ Movies to Watch Before You Die,FALSE,Oldboy,,2003,tt0364569
1000+ Movies to Watch Before You Die,FALSE,Good Bye Lenin!,,2003,tt0301357
1000+ Movies to Watch Before You Die,FALSE,Osama,,2003,tt0368913
1000+ Movies to Watch Before You Die,FALSE,Kill Bill: Vol. 1,,2003,tt0266697
1000+ Movies to Watch Before You Die,FALSE,The Best of Youth,,2003,tt0346336
1000+ Movies to Watch Before You Die,FALSE,Lost in Translation,,2003,tt0335266
1000+ Movies to Watch Before You Die,FALSE,Moolaadé,,2003,tt0416991
1000+ Movies to Watch Before You Die,FALSE,3-Iron,,2004,tt0423866
1000+ Movies to Watch Before You Die,FALSE,Downfall,,2004,tt0363163
1000+ Movies to Watch Before You Die,FALSE,Head-On,,2004,tt0347048
1000+ Movies to Watch Before You Die,FALSE,The Consequences of Love,,2004,tt0398883
1000+ Movies to Watch Before You Die,FALSE,A Very Long Engagement,,2004,tt0344510
1000+ Movies to Watch Before You Die,FALSE,Fahrenheit 9/11,,2004,tt0361596
1000+ Movies to Watch Before You Die,FALSE,The Passion of the Christ,,2004,tt0335345
1000+ Movies to Watch Before You Die,FALSE,Collateral,,2004,tt0369339
1000+ Movies to Watch Before You Die,FALSE,The Aviator,,2004,tt0338751
1000+ Movies to Watch Before You Die,FALSE,Million Dollar Baby,,2004,tt0405159
1000+ Movies to Watch Before You Die,FALSE,Crash,,2004,tt0375679
1000+ Movies to Watch Before You Die,FALSE,Sideways,,2004,tt0375063
1000+ Movies to Watch Before You Die,FALSE,Tsotsi,,2005,tt0468565
1000+ Movies to Watch Before You Die,FALSE,Brokeback Mountain,,2005,tt0388795
1000+ Movies to Watch Before You Die,FALSE,Paradise Now,,2005,tt0445620
1000+ Movies to Watch Before You Die,FALSE,The Constant Gardener,,2005,tt0387131
1000+ Movies to Watch Before You Die,FALSE,Live and Become,,2005,tt0388505
1000+ Movies to Watch Before You Die,FALSE,Hidden,,2005,tt0387898
1000+ Movies to Watch Before You Die,FALSE,The Lives of Others,,2006,tt0405094
1000+ Movies to Watch Before You Die,FALSE,Pan's Labyrinth,,2006,tt0457430
1000+ Movies to Watch Before You Die,FALSE,The Host,,2006,tt0468492
1000+ Movies to Watch Before You Die,FALSE,Apocalypto,,2006,tt0472043
1000+ Movies to Watch Before You Die,FALSE,The Queen,,2006,tt0436697
1000+ Movies to Watch Before You Die,FALSE,The Prestige,,2006,tt0482571
1000+ Movies to Watch Before You Die,FALSE,Children of Men,,2006,tt0206634
1000+ Movies to Watch Before You Die,FALSE,United 93,,2006,tt0475276
1000+ Movies to Watch Before You Die,FALSE,The Last King of Scotland,,2006,tt0455590
1000+ Movies to Watch Before You Die,FALSE,Babel,,2006,tt0449467
1000+ Movies to Watch Before You Die,FALSE,Volver,,2006,tt0441909
1000+ Movies to Watch Before You Die,FALSE,Little Miss Sunshine,,2006,tt0449059
1000+ Movies to Watch Before You Die,FALSE,The Departed,,2006,tt0407887
1000+ Movies to Watch Before You Die,FALSE,Borat,,2006,tt0443453
1000+ Movies to Watch Before You Die,FALSE,Once,,2007,tt0907657
1000+ Movies to Watch Before You Die,FALSE,The Diving Bell and the Butterfly,,2007,tt0401383
1000+ Movies to Watch Before You Die,FALSE,Paranormal Activity,,2007,tt1179904
1000+ Movies to Watch Before You Die,FALSE,There Will Be Blood,,2007,tt0469494
1000+ Movies to Watch Before You Die,FALSE,La Vie En Rose,,2007,tt0450188
1000+ Movies to Watch Before You Die,FALSE,Into the Wild,,2007,tt0758758
1000+ Movies to Watch Before You Die,FALSE,Atonement,,2007,tt0783233
1000+ Movies to Watch Before You Die,FALSE,Surfwise,,2007,tt0479547
1000+ Movies to Watch Before You Die,FALSE,The Bourne Ultimatum,,2007,tt0440963
1000+ Movies to Watch Before You Die,TRUE,No Country for Old Men,,2007,tt0477348
1000+ Movies to Watch Before You Die,FALSE,The Class,,2008,tt1068646
1000+ Movies to Watch Before You Die,FALSE,Gomorrah,,2008,tt0929425
1000+ Movies to Watch Before You Die,FALSE,The Good the Bad the Weird,,2008,tt0901487
1000+ Movies to Watch Before You Die,FALSE,Let the Right One In,,2008,tt1139797
1000+ Movies to Watch Before You Die,FALSE,The Hurt Locker,,2008,tt0887912
1000+ Movies to Watch Before You Die,FALSE,Slumdog Millionaire,,2008,tt1010048
1000+ Movies to Watch Before You Die,FALSE,The Dark Knight,,2008,tt0468569
1000+ Movies to Watch Before You Die,FALSE,WALL·E,,2008,tt0910970
1000+ Movies to Watch Before You Die,FALSE,The Wrestler,,2008,tt1125849
1000+ Movies to Watch Before You Die,FALSE,The Curious Case of Benjamin Button,,2008,tt0421715
1000+ Movies to Watch Before You Die,FALSE,Anvil,,2008,tt1157605
1000+ Movies to Watch Before You Die,FALSE,The White Ribbon,,2009,tt1149362
1000+ Movies to Watch Before You Die,TRUE,District 9,,2009,tt1136608
1000+ Movies to Watch Before You Die,TRUE,Avatar,,2009,tt0499549
1000+ Movies to Watch Before You Die,FALSE,An Education,,2009,tt1174732
1000+ Movies to Watch Before You Die,FALSE,The Hangover,,2009,tt1119646
1000+ Movies to Watch Before You Die,FALSE,In the Loop,,2009,tt1226774
1000+ Movies to Watch Before You Die,FALSE,Fish Tank,,2009,tt1232776
1000+ Movies to Watch Before You Die,TRUE,Inglourious Basterds,,2009,tt0361748
1000+ Movies to Watch Before You Die,FALSE,Monsters vs. Aliens,,2009,tt0892782
1000+ Movies to Watch Before You Die,FALSE,Precious,,2009,tt0929632
1000+ Movies to Watch Before You Die,FALSE,Of Gods and Men,,2010,tt1588337
1000+ Movies to Watch Before You Die,FALSE,Nostalgia for the Light,,2010,tt1556190
1000+ Movies to Watch Before You Die,FALSE,Toy Story 3,,2010,tt0435761
1000+ Movies to Watch Before You Die,FALSE,Black Swan,,2010,tt0947798
1000+ Movies to Watch Before You Die,FALSE,Inception,,2010,tt1375666
1000+ Movies to Watch Before You Die,FALSE,The Social Network,,2010,tt1285016
1000+ Movies to Watch Before You Die,FALSE,Four Lions,,2010,tt1341167
1000+ Movies to Watch Before You Die,FALSE,True Grit,,2010,tt1403865
1000+ Movies to Watch Before You Die,FALSE,The King's Speech,,2010,tt1504320
1000+ Movies to Watch Before You Die,FALSE,Senna,,2010,tt1424432
1000+ Movies to Watch Before You Die,FALSE,Cave of Forgotten Dreams,,2010,tt1664894
1000+ Movies to Watch Before You Die,FALSE,Le Havre,,2011,tt1508675
1000+ Movies to Watch Before You Die,FALSE,A Separation,,2011,tt1832382
1000+ Movies to Watch Before You Die,FALSE,The Kid with a Bike,,2011,tt1827512
1000+ Movies to Watch Before You Die,FALSE,The Artist,,2011,tt1655442
1000+ Movies to Watch Before You Die,TRUE,The Girl with the Dragon Tattoo,,2011,tt1568346
1000+ Movies to Watch Before You Die,FALSE,War Horse,,2011,tt1568911
1000+ Movies to Watch Before You Die,FALSE,The Descendants,,2011,tt1033575
1000+ Movies to Watch Before You Die,FALSE,Hugo,,2011,tt0970179
1000+ Movies to Watch Before You Die,FALSE,Tinker Tailor Soldier Spy,,2011,tt1340800
1000+ Movies to Watch Before You Die,FALSE,Bridesmaids,,2011,tt1478338
1000+ Movies to Watch Before You Die,FALSE,The Tree of Life,,2011,tt0478304
1000+ Movies to Watch Before You Die,FALSE,Drive,,2011,tt0780504
1000+ Movies to Watch Before You Die,TRUE,The Cabin in the Woods,,2011,tt1259521
1000+ Movies to Watch Before You Die,FALSE,Wadjda,,2012,tt2258858
1000+ Movies to Watch Before You Die,FALSE,Lincoln,,2012,tt0443272
1000+ Movies to Watch Before You Die,FALSE,Life of Pi,,2012,tt0454876
1000+ Movies to Watch Before You Die,FALSE,Les Misérables,,2012,tt1707386
1000+ Movies to Watch Before You Die,FALSE,Argo,,2012,tt1024648
1000+ Movies to Watch Before You Die,TRUE,Skyfall,,2012,tt1074638
1000+ Movies to Watch Before You Die,FALSE,Blancanieves,,2012,tt1854513
1000+ Movies to Watch Before You Die,FALSE,Amour,,2012,tt1602620
1000+ Movies to Watch Before You Die,FALSE,Django Unchained,,2012,tt1853728
1000+ Movies to Watch Before You Die,FALSE,The Act of Killing,,2012,tt2375605
1000+ Movies to Watch Before You Die,FALSE,The Great Beauty,,2013,tt2358891
1000+ Movies to Watch Before You Die,FALSE,A Touch of Sin,,2013,tt2852400
1000+ Movies to Watch Before You Die,FALSE,Gravity,,2013,tt1454468
1000+ Movies to Watch Before You Die,TRUE,12 Years a Slave,,2013,tt2024544
1000+ Movies to Watch Before You Die,FALSE,Nebraska,,2013,tt1821549
1000+ Movies to Watch Before You Die,FALSE,Inside Llewyn Davis,,2013,tt2042568
1000+ Movies to Watch Before You Die,FALSE,American Hustle,,2013,tt1800241
1000+ Movies to Watch Before You Die,FALSE,Ida,,2013,tt2718492
1000+ Movies to Watch Before You Die,FALSE,Under the Skin,,2013,tt1441395
1000+ Movies to Watch Before You Die,FALSE,The Wolf of Wall Street,,2013,tt0993846
1000+ Movies to Watch Before You Die,FALSE,Blue is the Warmest Color,,2013,tt2278871
1000+ Movies to Watch Before You Die,FALSE,Leviathan,,2014,tt2802154
1000+ Movies to Watch Before You Die,FALSE,Birdman or (The Unexpected Virtue of Ignorance),,2014,tt2562232
1000+ Movies to Watch Before You Die,FALSE,Boyhood,,2014,tt1065073
1000+ Movies to Watch Before You Die,FALSE,Whiplash,,2014,tt2582802
1000+ Movies to Watch Before You Die,FALSE,The Grand Budapest Hotel,,2014,tt2278388
1000+ Movies to Watch Before You Die,FALSE,Citizenfour,,2014,tt4044364
1000+ Movies to Watch Before You Die,TRUE,Guardians of the Galaxy,,2014,tt2015381
1000+ Movies to Watch Before You Die,FALSE,The Theory of Everything,,2014,tt2980516
1000+ Movies to Watch Before You Die,FALSE,The Look of Silence,,2014,tt3521134
1000+ Movies to Watch Before You Die,FALSE,Son of Saul,,2015,tt3808342
1000+ Movies to Watch Before You Die,TRUE,Star Wars: Episode VII - The Force Awakens,,2015,tt2488496
1000+ Movies to Watch Before You Die,TRUE,The Revenant,,2015,tt1663202
1000+ Movies to Watch Before You Die,FALSE,Bridge of Spies,,2015,tt3682448
1000+ Movies to Watch Before You Die,FALSE,The Big Short,,2015,tt1596363
1000+ Movies to Watch Before You Die,FALSE,Spotlight,,2015,tt1895587
1000+ Movies to Watch Before You Die,FALSE,Tangerine,,2015,tt3824458
1000+ Movies to Watch Before You Die,FALSE,Straight Outta Compton,,2015,tt1398426
1000+ Movies to Watch Before You Die,FALSE,Mad Max: Fury Road,,2015,tt1392190
1000+ Movies to Watch Before You Die,FALSE,Victoria,,2015,tt4226388
1000+ Movies to Watch Before You Die,TRUE,La La Land,,2016,tt3783958
1000+ Movies to Watch Before You Die,FALSE,Hell or High Water,,2016,tt2582782
1000+ Movies to Watch Before You Die,FALSE,Jackie,,2016,tt1619029
1000+ Movies to Watch Before You Die,FALSE,Toni Erdmann,,2016,tt4048272
1000+ Movies to Watch Before You Die,FALSE,Under the Shadow,,2016,tt4273292
1000+ Movies to Watch Before You Die,FALSE,Manchester by the Sea,,2016,tt4034228
1000+ Movies to Watch Before You Die,FALSE,"I, Daniel Blake",,2016,tt5168192
1000+ Movies to Watch Before You Die,FALSE,Arrival,,2016,tt2543164
1000+ Movies to Watch Before You Die,FALSE,Moonlight,,2016,tt4975722
1000+ Movies to Watch Before You Die,FALSE,The Handmaiden,,2016,tt4016934
1000+ Movies to Watch Before You Die,FALSE,Dawson City: Frozen Time,,2016,tt5215486
1000+ Movies to Watch Before You Die,TRUE,Lady Macbeth,,2016,tt4291600
1000+ Movies to Watch Before You Die,FALSE,13th,,2016,tt5895028
1000+ Movies to Watch Before You Die,FALSE,Lady Bird,,2017,tt4925292
1000+ Movies to Watch Before You Die,TRUE,The Shape of Water,,2017,tt5580390
1000+ Movies to Watch Before You Die,FALSE,"Three Billboards Outside Ebbing, Missouri",,2017,tt5027774
1000+ Movies to Watch Before You Die,FALSE,Call Me by Your Name,,2017,tt5726616
1000+ Movies to Watch Before You Die,FALSE,Mother!,,2017,tt5109784
1000+ Movies to Watch Before You Die,TRUE,Blade Runner 2049,,2017,tt1856101
1000+ Movies to Watch Before You Die,TRUE,Get Out,,2017,tt5052448
1000+ Movies to Watch Before You Die,FALSE,Phantom Thread,,2017,tt5776858
1000+ Movies to Watch Before You Die,FALSE,The Greatest Showman,,2017,tt1485796
1000+ Movies to Watch Before You Die,TRUE,Black Panther,,2018,tt1825683
1000+ Movies to Watch Before You Die,FALSE,Crazy Rich Asians,,2018,tt3104988
1000+ Movies to Watch Before You Die,FALSE,Capernaum,,2018,tt8267604
1000+ Movies to Watch Before You Die,FALSE,A Star Is Born,,2018,tt1517451
1000+ Movies to Watch Before You Die,TRUE,Avengers: Infinity War,,2018,tt4154756
1000+ Movies to Watch Before You Die,TRUE,Roma,,2018,tt6155172
1000+ Movies to Watch Before You Die,TRUE,Hereditary,,2018,tt7784604
1000+ Movies to Watch Before You Die,FALSE,The Favourite,,2018,tt5083738
1000+ Movies to Watch Before You Die,FALSE,Sorry to Bother You,,2018,tt5688932
1000+ Movies to Watch Before You Die,FALSE,Vice,,2018,tt6266538
1000+ Movies to Watch Before You Die,FALSE,BlacKkKlansman,,2018,tt7349662
1000+ Movies to Watch Before You Die,FALSE,Portrait of a Lady on Fire,,2019,tt8613070
1000+ Movies to Watch Before You Die,TRUE,Toy Story 4,,2019,tt1979376
1000+ Movies to Watch Before You Die,TRUE,Avengers: Endgame,,2019,tt4154796
1000+ Movies to Watch Before You Die,FALSE,For Sama,,2019,tt9617456
1000+ Movies to Watch Before You Die,FALSE,Booksmart,,2019,tt1489887
1000+ Movies to Watch Before You Die,TRUE,Once Upon a Time... in Hollywood,,2019,tt7131622
1000+ Movies to Watch Before You Die,FALSE,The Farewell,,2019,tt8637428
1000+ Movies to Watch Before You Die,TRUE,Joker,,2019,tt7286456
1000+ Movies to Watch Before You Die,TRUE,Parasite,,2019,tt6751668
1000+ Movies to Watch Before You Die,FALSE,Monos,,2019,tt6062774
1000+ Movies to Watch Before You Die,FALSE,Little Women,,2019,tt3281548
1000+ Movies to Watch Before You Die,FALSE,The Lighthouse,,2019,tt7984734
